product_id,category,product_name,unit_cost,unit_price,weight_lb
SKU0001,electronics,Electronics Kit 01,18.3,24.97,13.33
SKU0002,electronics,Electronics Kit 02,286.8,509.86,5.5
SKU0003,grocery,Grocery Kit 03,21.09,26.21,13.88
SKU0004,industrial,Industrial Kit 04,18.93,24.86,37.87
SKU0005,industrial,Industrial Kit 05,180.84,267.82,16.5
SKU0006,electronics,Electronics Kit 06,320.63,412.64,24.8
SKU0007,apparel,Apparel Kit 07,72.06,131.25,19.85
SKU0008,electronics,Electronics Kit 08,164.53,233.72,20.28
SKU0009,apparel,Apparel Kit 09,340.54,568.33,31.33
SKU0010,grocery,Grocery Kit 10,40.47,55.7,36.65
SKU0011,apparel,Apparel Kit 11,245.87,406.19,3.13
SKU0012,home,Home Kit 12,326.5,600.79,49.68
SKU0013,electronics,Electronics Kit 13,164.61,244.25,48.46
SKU0014,home,Home Kit 14,160.51,211.93,15.85
SKU0015,electronics,Electronics Kit 15,258.96,335.27,42.42
SKU0016,home,Home Kit 16,198.45,270.06,53.71
SKU0017,industrial,Industrial Kit 17,98.48,137.6,44.68
SKU0018,electronics,Electronics Kit 18,102.37,123.0,18.64
SKU0019,apparel,Apparel Kit 19,35.27,63.2,33.11
SKU0020,apparel,Apparel Kit 20,95.6,144.78,51.37
SKU0021,grocery,Grocery Kit 21,66.86,85.15,43.34
SKU0022,industrial,Industrial Kit 22,116.25,182.71,52.12
SKU0023,grocery,Grocery Kit 23,157.14,290.43,8.45
SKU0024,grocery,Grocery Kit 24,45.45,55.07,6.8
SKU0025,home,Home Kit 25,334.34,489.09,4.15
SKU0026,grocery,Grocery Kit 26,253.51,378.64,14.96
SKU0027,industrial,Industrial Kit 27,362.64,430.7,41.94
SKU0028,industrial,Industrial Kit 28,317.36,537.91,20.06
SKU0029,apparel,Apparel Kit 29,187.12,277.69,55.34
SKU0030,apparel,Apparel Kit 30,408.42,690.44,29.69
SKU0031,electronics,Electronics Kit 31,366.65,505.96,37.24
SKU0032,industrial,Industrial Kit 32,89.95,128.68,9.79
SKU0033,industrial,Industrial Kit 33,386.42,611.04,28.59
SKU0034,electronics,Electronics Kit 34,390.79,691.21,48.32
SKU0035,apparel,Apparel Kit 35,106.65,143.06,33.12
SKU0036,electronics,Electronics Kit 36,43.29,65.18,4.48
SKU0037,industrial,Industrial Kit 37,323.52,409.58,27.83
SKU0038,industrial,Industrial Kit 38,76.03,116.6,35.38
SKU0039,home,Home Kit 39,390.71,658.75,40.17
SKU0040,apparel,Apparel Kit 40,172.38,280.98,21.97
