platform,content_lane,posts,posts_with_metrics,total_engagements,avg_engagements,median_engagements,avg_platform_percentile,avg_clarity_score,avg_shareability_score,avg_visual_score,avg_risk_score
bluesky,app_education,1,1,24.0,24.0,24.0,78.1,5.0,4.0,5.0,1.0
bluesky,brand_value,6,6,126.0,21.0,17.0,68.42,4.5,3.67,5.0,2.17
bluesky,community_prompt,5,5,111.0,22.2,16.0,69.78,3.8,4.0,5.0,1.6
bluesky,company_callout,7,7,178.0,25.43,16.0,66.67,4.29,3.14,5.0,2.14
bluesky,issue_breakdown,26,26,491.0,18.88,4.0,49.87,4.31,3.0,2.54,3.12
bluesky,news_reaction,1,1,16.0,16.0,16.0,70.8,5.0,3.0,1.0,1.0
bluesky,other,25,25,371.0,14.84,6.0,51.52,3.24,2.76,4.2,1.88
bluesky,politician_issue_card,26,26,411.0,15.81,2.0,43.12,4.77,3.04,2.77,3.46
instagram,company_callout,4,4,100.0,25.0,10.0,67.5,4.25,3.5,3.75,3.75
instagram,issue_breakdown,2,2,11.0,5.5,5.5,50.0,4.0,3.0,3.5,4.0
instagram,politician_issue_card,5,5,20.0,4.0,5.0,40.0,5.0,4.0,4.2,4.0
threads,company_callout,1,0,0.0,,,,4.0,3.0,1.0,2.0
threads,politician_issue_card,3,0,0.0,,,,5.0,4.0,1.0,3.0
