platform,post_key,published_date,caption_preview,content_lane,emotional_frame,cta_type,platform_percentile,clarity_score,shareability_score,risk_score,visual_score,failure_reason,repurpose_recommendation,post_url
bluesky,bluesky:3mwojirmlmw27,2026-09-29,"BREAKING: Reid Hoffman gave $10,000,000 on June 30 to Lone Star Rising PAC, a Democratic super PAC backing James Talarico. See where LinkedIn's money goes at https://goodsuniteus.com/company/-LX7m62fCQSl_Pz_-jJT",politician_issue_card,informational,link_in_bio,31.2,5,3,4,1,,Consider sharing on other platforms to reach a broader audience,https://bsky.app/profile/goodsuniteus.bsky.social/post/3mwojirmlmw27
bluesky,bluesky:3mwmt6su6dj2y,2026-09-29,"BREAKING: Michael Bloomberg gave $2,500,000 on July 28 to 314 Action Fund, a Democratic hybrid PAC. See where Bloomberg LP's money goes at https://goodsuniteus.com/company/-LX7m5zrQEQQ4WjIOkQz",politician_issue_card,informational,link_in_bio,6.2,5,2,4,1,,Consider sharing on other platforms for broader reach,https://bsky.app/profile/goodsuniteus.bsky.social/post/3mwmt6su6dj2y
bluesky,bluesky:3mwlitovds522,2026-09-28,See how Johnson & Johnson feels about Raising Minimum Wage. Download the free app to see more. https://www.goodsuniteus.com/issues/-LX7m60z84aRskXqzjsL,issue_breakdown,informational,link_in_bio,6.2,4,3,2,5,Unclear,Consider adding more context or a clear call-to-action to increase engagement.,https://bsky.app/profile/goodsuniteus.bsky.social/post/3mwlitovds522
bluesky,bluesky:3mwdxg7ybu627,2026-09-25,See where Jon Ossoff stands on LGBTQ Rights. Download the free app to see more. https://www.goodsuniteus.com/politician/-LaTXI9KG9AvhyNOFzGZ,politician_issue_card,informational,link_in_bio,6.2,5,3,4,5,,Consider sharing on other platforms to reach a broader audience.,https://bsky.app/profile/goodsuniteus.bsky.social/post/3mwdxg7ybu627
bluesky,bluesky:3mw4ysbkoak2l,2026-09-22,"BREAKING: Marc Andreessen gave $3,167 to First in Freedom PAC, a Republican leadership PAC. See where Coinbase's money goes at https://goodsuniteus.com/company/-NM06cWJmHPrw77a-vSP",issue_breakdown,informational,link_in_bio,55.2,5,4,3,1,,Consider sharing on other platforms to reach a broader audience.,https://bsky.app/profile/goodsuniteus.bsky.social/post/3mw4ysbkoak2l
bluesky,bluesky:3mvzvkonbee2a,2026-09-21,See how Procter & Gamble feels about Environment Regulations & Renewable Energy Spending. Download the free app to see more. https://www.goodsuniteus.com/issues/-LX7m60rvJvllJn9yJL6,issue_breakdown,informational,link_in_bio,38.5,4,2,3,1,Unclear audience,Consider adding more context or visuals to make the post more engaging,https://bsky.app/profile/goodsuniteus.bsky.social/post/3mvzvkonbee2a
bluesky,bluesky:3mvt2ytsvmo2a,2026-09-18,"BREAKING: Miriam Adelson gave $7,000 to South Dakota Values PAC, a Republican super PAC backing Marty Jackley. See where Las Vegas Sands' money goes at https://goodsuniteus.com/company/-LX7m61mjZOYoQ81MALc",issue_breakdown,informational,link_in_bio,20.8,5,3,4,1,,"Consider breaking down the donation into smaller, more digestible chunks for easier understanding.",https://bsky.app/profile/goodsuniteus.bsky.social/post/3mvt2ytsvmo2a
bluesky,bluesky:3mvspqrl3lz26,2026-09-18,See where Laura Gillen stands on Gun Control. Download the free app to see more. https://www.goodsuniteus.com/politician/-Oqo8_BMQ-4gKftoniGA,politician_issue_card,informational,link_in_bio,31.2,5,3,4,5,,Consider sharing on other platforms to reach broader audience,https://bsky.app/profile/goodsuniteus.bsky.social/post/3mvspqrl3lz26
bluesky,bluesky:3mvivjaf7aw2a,2026-09-14,See how Progressive feels about Abortion & Reproductive Rights. https://www.goodsuniteus.com/issues/-LX7m60_y5uDkDSt5eaK,politician_issue_card,informational,link_in_bio,45.8,5,3,4,5,none,consider sharing on other platforms to reach a broader audience,https://bsky.app/profile/goodsuniteus.bsky.social/post/3mvivjaf7aw2a
bluesky,bluesky:3mviccrfs6y2a,2026-09-14,See how Progressive feels about Education Spending. https://www.goodsuniteus.com/issues/-LX7m60_y5uDkDSt5eaK,issue_breakdown,informational,link_in_bio,38.5,5,3,4,1,Unclear audience engagement metrics.,Consider adding a visual element to increase shareability.,https://bsky.app/profile/goodsuniteus.bsky.social/post/3mviccrfs6y2a
bluesky,bluesky:3mvaqvyuz4r24,2026-09-11,See where Dave Min stands on Gun Control. https://www.goodsuniteus.com/politician/-OPaZpIw13RWCgPeUFg9,politician_issue_card,informational,link_in_bio,31.2,5,3,4,1,none,consider adding a visual element to make the post more engaging,https://bsky.app/profile/goodsuniteus.bsky.social/post/3mvaqvyuz4r24
bluesky,bluesky:3muwozmighy2g,2026-09-07,See how Home Depot feels about Israel. https://www.goodsuniteus.com/issues/-LX7m60Xx_Z9DLMVvGUl,issue_breakdown,accountability,link_in_bio,20.8,4,3,4,1,Unclear why Home Depot's stance on Israel is relevant or newsworthy.,Consider adding context or a brief summary to make the post more engaging and clear.,https://bsky.app/profile/goodsuniteus.bsky.social/post/3muwozmighy2g
bluesky,bluesky:3mup5n7x4ni2x,2026-09-04,See where Yevgeny Vindman stands on Social Security & Medicare Expansion. https://www.goodsuniteus.com/politician/-OPaZmwdWxh7FZ65ZnQG,politician_issue_card,informational,link_in_bio,6.2,5,2,3,1,,Consider adding a visual element to make the post more engaging.,https://bsky.app/profile/goodsuniteus.bsky.social/post/3mup5n7x4ni2x
bluesky,bluesky:3muf3reo63p2y,2026-08-31,See how Airbnb feels about Israel. https://www.goodsuniteus.com/issues/-LX7m6-RxniAGUnR3R1m,issue_breakdown,accountability,link_in_bio,20.8,4,3,4,1,Unclear,Consider adding a visual element to make the post more engaging.,https://bsky.app/profile/goodsuniteus.bsky.social/post/3muf3reo63p2y
bluesky,bluesky:3mu5kesjer722,2026-08-28,See where Janelle Bynum stands on Gun Control. https://www.goodsuniteus.com/politician/-ONWYIJDhUOB44Kc_qkI,politician_issue_card,informational,link_in_bio,6.2,5,3,4,1,,Consider adding a visual element to enhance engagement,https://bsky.app/profile/goodsuniteus.bsky.social/post/3mu5kesjer722
bluesky,bluesky:3mttliir2ei23,2026-08-24,See where DELIA RAMIREZ stands on Gun Control. https://www.goodsuniteus.com/politician/-ODbZYsKB5qNrW4CmjxT,politician_issue_card,informational,link_in_bio,20.8,5,3,4,1,,Consider adding a visual element to enhance engagement,https://bsky.app/profile/goodsuniteus.bsky.social/post/3mttliir2ei23
bluesky,bluesky:3mttlifhqaq23,2026-08-24,See how Adobe Systems feels about Social Security & Medicare Expansion. https://www.goodsuniteus.com/issues/-LX7m6-GWnjnsRXsZ93Z,issue_breakdown,informational,link_in_bio,38.5,4,2,3,1,Unclear audience engagement metrics,Consider adding a visual element to increase shareability,https://bsky.app/profile/goodsuniteus.bsky.social/post/3mttlifhqaq23
bluesky,bluesky:3mtlx4fq3sv2h,2026-08-21,See where DELIA RAMIREZ stands on Social Security & Medicare Expansion. https://www.goodsuniteus.com/politician/-ODbZYsKB5qNrW4CmjxT,politician_issue_card,informational,link_in_bio,20.8,5,3,2,1,,Consider sharing on other platforms to reach a broader audience.,https://bsky.app/profile/goodsuniteus.bsky.social/post/3mtlx4fq3sv2h
bluesky,bluesky:3mtbvad4gmn2y,2026-08-17,See how Alphabet Inc. feels about Workplace Safety. https://www.goodsuniteus.com/issues/-LX7m6-8Ws09v3qr3Q3b,issue_breakdown,informational,link_in_bio,20.8,4,3,2,1,Unclear audience,Consider adding a visual element to make the post more engaging.,https://bsky.app/profile/goodsuniteus.bsky.social/post/3mtbvad4gmn2y
bluesky,bluesky:3mt2du4wevs26,2026-08-14,See where Josh Riley stands on Gun Control. https://www.goodsuniteus.com/politician/-OD36PPr7MoioaQQBbWs,politician_issue_card,informational,link_in_bio,31.2,5,3,4,1,,Consider adding a visual element to make the post more engaging,https://bsky.app/profile/goodsuniteus.bsky.social/post/3mt2du4wevs26
bluesky,bluesky:3msqbyft25b2k,2026-08-10,See how Best Buy feels about Universal Healthcare. https://www.goodsuniteus.com/issues/-LX7m6-6p1aQT2FcByHE,issue_breakdown,informational,link_in_bio,45.8,4,3,4,1,Unclear audience,Consider adding an image or visual element to enhance shareability,https://bsky.app/profile/goodsuniteus.bsky.social/post/3msqbyft25b2k
bluesky,bluesky:3msiql4ezm627,2026-08-07,See where Pramila Jayapal stands on Immigrant Rights. https://www.goodsuniteus.com/politician/-Ln9pqU1-vM25LLJWE9S,politician_issue_card,informational,link_in_bio,6.2,5,3,2,1,Unclear,Consider adding a visual element to make the post more engaging.,https://bsky.app/profile/goodsuniteus.bsky.social/post/3msiql4ezm627
bluesky,bluesky:3ms72yluofx2z,2026-08-03,See where Sara Jacobs stands on Abortion & Reproductive Rights. https://www.goodsuniteus.com/politician/-LaTXI9zp3pyTo8CCyAx,politician_issue_card,informational,link_in_bio,31.2,5,3,4,1,,Consider sharing a visual representation of the politician's stance or a breakdown of the issue.,https://bsky.app/profile/goodsuniteus.bsky.social/post/3ms72yluofx2z
bluesky,bluesky:3ms72yhpndz2p,2026-08-03,See how Abercrombie & Fitch feels about Defense Spending. https://www.goodsuniteus.com/issues/-LX7m5zay46Zd5obLZts,issue_breakdown,informational,link_in_bio,6.2,5,2,3,1,Unclear engagement metrics,Consider adding a visual to make the post more engaging,https://bsky.app/profile/goodsuniteus.bsky.social/post/3ms72yhpndz2p
bluesky,bluesky:3ms6opr6aqz24,2026-08-03,See how Abercrombie & Fitch feels about Gun Control. https://www.goodsuniteus.com/issues/-LX7m5zay46Zd5obLZts,issue_breakdown,informational,link_in_bio,20.8,4,3,4,1,Unclear audience engagement metrics.,Consider adding a visual element to enhance shareability.,https://bsky.app/profile/goodsuniteus.bsky.social/post/3ms6opr6aqz24
bluesky,bluesky:3mrxam55omp24,2026-07-31,See where Sara Jacobs stands on Support for DEI. https://www.goodsuniteus.com/politician/-LaTXI9zp3pyTo8CCyAx,politician_issue_card,informational,link_in_bio,20.8,5,3,4,1,Unclear,,https://bsky.app/profile/goodsuniteus.bsky.social/post/3mrxam55omp24
bluesky,bluesky:3mrx5cmdya22s,2026-07-31,See where Sara Jacobs stands on Union Support. https://www.goodsuniteus.com/politician/-LaTXI9zp3pyTo8CCyAx,politician_issue_card,informational,link_in_bio,20.8,5,2,4,1,Unclear audience engagement metrics.,Consider adding a visual element to enhance shareability.,https://bsky.app/profile/goodsuniteus.bsky.social/post/3mrx5cmdya22s
bluesky,bluesky:3mrn3gv2xdw2v,2026-07-27,See how Macy's feels about Raising Minimum Wage. https://www.goodsuniteus.com/issues/-LX7m5zV5lRnVHK3gMlw,issue_breakdown,informational,link_in_bio,20.8,4,2,3,1,Unclear audience,Consider adding a visual element to make the post more engaging.,https://bsky.app/profile/goodsuniteus.bsky.social/post/3mrn3gv2xdw2v
bluesky,bluesky:3mrfk22uvjn27,2026-07-24,See where Ro Khanna stands on Immigrant Rights. https://www.goodsuniteus.com/politician/-LaTXI9w-S17iD8VSox8,politician_issue_card,informational,link_in_bio,31.2,5,3,2,1,none,consider adding an image or visual element,https://bsky.app/profile/goodsuniteus.bsky.social/post/3mrfk22uvjn27
bluesky,bluesky:3mrbz6vba272g,2026-07-23,See how Walmart feels about LGBTQ Rights. https://www.goodsuniteus.com/issues/-LX7m5zSX9OC1FKBg3q0,issue_breakdown,accountability,link_in_bio,43.8,4,3,4,1,Unclear audience engagement metrics,Consider adding a visual element to increase engagement,https://bsky.app/profile/goodsuniteus.bsky.social/post/3mrbz6vba272g
bluesky,bluesky:3lzo6rjnlxk2r,2025-09-25,,community_prompt,neutral,none,70.8,3,4,2,5,Unclear content and audience,Consider adding a clear call-to-action or more context to the post.,https://bsky.app/profile/goodsuniteus.bsky.social/post/3lzo6rjnlxk2r
bluesky,bluesky:3lzgspieksk2n,2025-09-22,#disney #goodsuniteus #shop #vote,brand_value,values_based,other,77.1,4,4,2,5,Unclear call-to-action,Consider adding a clear call-to-action or more context,https://bsky.app/profile/goodsuniteus.bsky.social/post/3lzgspieksk2n
bluesky,bluesky:3lsmn5mnjqc24,2025-06-27,We need to take back our elections from corporations and special interests. Vote with your wallet. #politics #campaignfinancereform #goodsuniteus,politician_issue_card,accountability,vote_with_wallet,85.4,5,4,4,3,"Unclear call to action, but clear message",Use as a starting point for a more in-depth discussion on campaign finance reform,https://bsky.app/profile/goodsuniteus.bsky.social/post/3lsmn5mnjqc24
bluesky,bluesky:3lscqome4t22b,2025-06-23,#goodsuniteus #campaignfinancereform #politics,politician_issue_card,accountability,none,97.9,4,3,4,5,Unclear call to action.,Consider adding a clear call to action or a link to learn more.,https://bsky.app/profile/goodsuniteus.bsky.social/post/3lscqome4t22b
bluesky,bluesky:3ls4qwphww22h,2025-06-21,It’s time to talk campaign finance reform. #goodsuniteus #campaignfinancereform,politician_issue_card,informational,none,64.6,5,4,3,5,,Consider sharing a related article or personal story to add depth to the issue.,https://bsky.app/profile/goodsuniteus.bsky.social/post/3ls4qwphww22h
bluesky,bluesky:3lqzurma7dc2a,2025-06-07,Citi’s political contributions have gone primarily to politicians that do not support LGBTQ+ rights. #pride,issue_breakdown,accountability,none,75.0,4,3,2,5,,Consider sharing on other platforms to reach a broader audience.,https://bsky.app/profile/goodsuniteus.bsky.social/post/3lqzurma7dc2a
bluesky,bluesky:3lqx3swudys2i,2025-06-06,"While Dick’s has contributed to both sides, the politicians it funds support LGBTQ+ rights. #USPOL",politician_issue_card,informational,none,74.0,4,3,2,5,,Consider sharing on other platforms to reach a broader audience,https://bsky.app/profile/goodsuniteus.bsky.social/post/3lqx3swudys2i
bluesky,bluesky:3lqse5o25ac2v,2025-06-04,#pride,community_prompt,values_based,none,51.0,5,4,1,5,Unclear,Consider adding more context or a clear call-to-action to enhance engagement.,https://bsky.app/profile/goodsuniteus.bsky.social/post/3lqse5o25ac2v
bluesky,bluesky:3lqse4vgg7c2v,2025-06-04,#pride,community_prompt,values_based,none,60.4,5,4,1,5,Unclear,Consider adding more context or a clear call-to-action to enhance engagement.,https://bsky.app/profile/goodsuniteus.bsky.social/post/3lqse4vgg7c2v
bluesky,bluesky:3lqnlsdyk7s2d,2025-06-02,"In honor of pride month, we are calling out brands and companies on how their political contributions affect LGBTQ+ rights. #USPOL",issue_breakdown,accountability,none,64.6,5,4,4,5,,Consider sharing a breakdown of the specific brands and their contributions,https://bsky.app/profile/goodsuniteus.bsky.social/post/3lqnlsdyk7s2d
bluesky,bluesky:3lq3hxrvfdk27,2025-05-26,#politics #goodsuniteus,politician_issue_card,neutral,none,66.7,4,3,2,4,Unclear,Consider adding a clear call-to-action or more context to increase engagement.,https://bsky.app/profile/goodsuniteus.bsky.social/post/3lq3hxrvfdk27
bluesky,bluesky:3lpf7wqv76k2k,2025-05-17,#kroger #politics #moneyinpolitics,issue_breakdown,accountability,none,60.4,4,3,4,5,Unclear why Kroger is mentioned.,Consider adding more context or a clear call to action.,https://bsky.app/profile/goodsuniteus.bsky.social/post/3lpf7wqv76k2k
bluesky,bluesky:3logp34kxhc2f,2025-05-05,#USPOL,other,neutral,none,64.6,3,2,2,4,Lack of clear content or context,Request more information from the poster,https://bsky.app/profile/goodsuniteus.bsky.social/post/3logp34kxhc2f
bluesky,bluesky:3lnjhbnevy22z,2025-04-24,Let us introduce you to Index Align! #politics,issue_breakdown,informational,none,96.9,4,3,2,5,,Consider adding a clear call-to-action or more context,https://bsky.app/profile/goodsuniteus.bsky.social/post/3lnjhbnevy22z
bluesky,bluesky:3lndjqguk3k25,2025-04-21,Office politics… #boycott #shop #politics,other,surprising,none,20.8,3,4,4,2,Unclear call to action,Consider adding a clear call to action or more context,https://bsky.app/profile/goodsuniteus.bsky.social/post/3lndjqguk3k25
bluesky,bluesky:3lmfvctydus2s,2025-04-09,#USPOL #boycott #shop,other,accountability,none,70.8,4,4,3,5,Unclear call to action,Consider adding a clear call to action or more context,https://bsky.app/profile/goodsuniteus.bsky.social/post/3lmfvctydus2s
bluesky,bluesky:3llubiiueg22x,2025-04-02,"#politics #USPOL #shop Surprise, surprise! Get the goods on your favorite companies. Get the Goods Unite Us app.",company_callout,surprising,download_app,60.4,4,3,2,5,Unclear call-to-action for non-politically engaged users.,"Targeted ads for app users, emphasizing the app's value proposition.",https://bsky.app/profile/goodsuniteus.bsky.social/post/3llubiiueg22x
bluesky,bluesky:3lli54cotys2c,2025-03-29,#politics #boycott,politician_issue_card,accountability,none,71.9,4,3,4,5,Unclear,Consider adding more context or information to make the post more clear and engaging.,https://bsky.app/profile/goodsuniteus.bsky.social/post/3lli54cotys2c
bluesky,bluesky:3lklo74nb2c2k,2025-03-17,Here’s a little info on our data. #politics #boycott #USPOL,issue_breakdown,informational,none,72.9,4,3,2,5,Unclear,Consider adding a clear call-to-action or a more specific topic to improve engagement.,https://bsky.app/profile/goodsuniteus.bsky.social/post/3lklo74nb2c2k
bluesky,bluesky:3lkk74gunn22u,2025-03-17,Shop with purpose. Check your Goods Unite Us app. #shop #boycott #politics,company_callout,practical,link_in_bio,79.2,4,3,4,5,Unclear call to action,Use a clear and direct call to action,https://bsky.app/profile/goodsuniteus.bsky.social/post/3lkk74gunn22u
bluesky,bluesky:3lkgst4rpjs2a,2025-03-15,Remember: this data is based on FEC-reported political contribution data over the last three election cycles. No DEI data or other corporate behavior. Just money in politics.,issue_breakdown,informational,none,89.6,5,3,2,4,,"Consider sharing on a platform with a broader audience, such as Twitter or Facebook.",https://bsky.app/profile/goodsuniteus.bsky.social/post/3lkgst4rpjs2a
bluesky,bluesky:3lk33t4wex22l,2025-03-11,#politics #boycott,politician_issue_card,accountability,none,83.3,4,3,4,5,Unclear call to action or specific issue,Consider adding a clear call to action or more specific information about the issue,https://bsky.app/profile/goodsuniteus.bsky.social/post/3lk33t4wex22l
bluesky,bluesky:3ljolbolq522x,2025-03-06,,community_prompt,neutral,none,86.5,3,4,2,5,Unclear content and audience,More context or information is needed to effectively repurpose this content.,https://bsky.app/profile/goodsuniteus.bsky.social/post/3ljolbolq522x
bluesky,bluesky:3lip5l4fhwk2m,2025-02-21,Did you know that Ashley Furniture is a big donor to Donald Trump and Senator Ron Johnson? Now you know. Shop with purpose.,issue_breakdown,accountability,none,99.0,4,4,4,3,Unclear,Use as a starting point for a more in-depth discussion or analysis.,https://bsky.app/profile/goodsuniteus.bsky.social/post/3lip5l4fhwk2m
bluesky,bluesky:3ligg3dcwns2w,2025-02-18,Check the Goods Unite Us app and find out. #USPOL,company_callout,practical,link_in_bio,87.5,4,3,2,5,Unclear why the app is relevant to the audience.,Consider adding more context or information about the app's purpose and benefits.,https://bsky.app/profile/goodsuniteus.bsky.social/post/3ligg3dcwns2w
bluesky,bluesky:3lif6vikshk2a,2025-02-17,Check your Goods Unite Us app and find out what’s happening downstream of your streaming!,app_education,practical,learn_more,78.1,5,4,1,5,,Consider sharing a screenshot of the app's features or a testimonial from a satisfied user.,https://bsky.app/profile/goodsuniteus.bsky.social/post/3lif6vikshk2a
bluesky,bluesky:3li3dd2mre22k,2025-02-13,,community_prompt,neutral,none,80.2,3,4,2,5,Unclear content and audience,Consider adding a clear call-to-action or more context to the post,https://bsky.app/profile/goodsuniteus.bsky.social/post/3li3dd2mre22k
bluesky,bluesky:3lhhe52mvf22t,2025-02-05,#USPOL Goods Unite Us,politician_issue_card,informational,none,95.8,5,4,3,5,,Consider sharing the video on other platforms or in a newsletter to reach a broader audience.,https://bsky.app/profile/goodsuniteus.bsky.social/post/3lhhe52mvf22t
bluesky,bluesky:3lhbvpbklkc2t,2025-02-03,#USPOL,other,neutral,none,91.7,3,4,2,5,Lack of clear content or context.,,https://bsky.app/profile/goodsuniteus.bsky.social/post/3lhbvpbklkc2t
bluesky,bluesky:3lgy7tgely22c,2025-01-30,We need campaign finance reform…yesterday.,politician_issue_card,urgent,none,95.8,5,4,3,2,Unclear,Consider adding a clear call-to-action or more information about the issue.,https://bsky.app/profile/goodsuniteus.bsky.social/post/3lgy7tgely22c
bluesky,bluesky:3lgjb5hvsks25,2025-01-24,#USPOL,other,neutral,none,100.0,2,3,2,4,Lack of clear content or context.,,https://bsky.app/profile/goodsuniteus.bsky.social/post/3lgjb5hvsks25
bluesky,bluesky:3lgen4cvg4s2z,2025-01-23,"#USPOL, #moneytalks Check your Goods Unite Us app for more insights.",company_callout,practical,link_in_bio,93.8,4,3,2,5,,Consider sharing a breakdown of the app's features and benefits to increase engagement.,https://bsky.app/profile/goodsuniteus.bsky.social/post/3lgen4cvg4s2z
bluesky,bluesky:3lg7lcjx7mc2p,2025-01-21,#USPOL; #moneytalks,other,neutral,none,88.5,3,4,2,5,"Unclear context, but likely a news reaction or issue breakdown.",Consider adding a clear call-to-action or more context to increase engagement.,https://bsky.app/profile/goodsuniteus.bsky.social/post/3lg7lcjx7mc2p
bluesky,bluesky:3lfbufgrovs2s,2025-01-09,,other,neutral,none,77.1,3,2,2,4,Unclear topic and caption,Add a clear caption or description to improve understanding and engagement.,https://bsky.app/profile/goodsuniteus.bsky.social/post/3lfbufgrovs2s
bluesky,bluesky:3lf6b3btiic2e,2025-01-07,"Check the app for new political contribution data! #USPOL, #moneytalks",issue_breakdown,informational,link_in_bio,91.7,5,4,3,2,,Consider sharing on other platforms to reach a broader audience.,https://bsky.app/profile/goodsuniteus.bsky.social/post/3lf6b3btiic2e
bluesky,bluesky:3lf4mfbebjk23,2025-01-07,"Four years ago, after January 6, 2021, many companies pledged not to contribute money to the Republican lawmakers who voted not to certify the election. AT&T was one of them. But, soon after making that pledge, AT&T broke it by donating hundreds of thousands of dollars to those same lawmakers.",issue_breakdown,accountability,none,92.7,5,4,4,3,none,use as a fact-checking resource,https://bsky.app/profile/goodsuniteus.bsky.social/post/3lf4mfbebjk23
bluesky,bluesky:3lepmd55nks2l,2025-01-01,"Happy New Year! In 2025 it is going to be particularly important to know how our consumer and investment dollars are affecting elections. #resist, #USPOL, #moneytalks, #resolutions",issue_breakdown,informational,none,81.2,4,3,2,5,Unclear,Consider adding a clear call to action or a link to a related resource.,https://bsky.app/profile/goodsuniteus.bsky.social/post/3lepmd55nks2l
bluesky,bluesky:3lekjeqq5cc2z,2024-12-30,"Be a good sport, shop with purpose. Check your Goods Unite Us app! #resist, #USPOL, #moneytalks, #resolutions",brand_value,values_based,link_in_bio,82.3,4,4,3,5,Unclear,Consider shortening the caption to focus on the app's benefits.,https://bsky.app/profile/goodsuniteus.bsky.social/post/3lekjeqq5cc2z
bluesky,bluesky:3leetdez2r22p,2024-12-28,"We just passed the one million downloads mark! We are so grateful to all of you. Now let’s keep it going! Shop with purpose, shop with power. #moneytalks, #USPOL, #resist, #resolutions",brand_value,values_based,link_in_bio,84.4,5,4,3,5,,Consider sharing a breakdown of the app's features or benefits to further engage users.,https://bsky.app/profile/goodsuniteus.bsky.social/post/3leetdez2r22p
bluesky,bluesky:3le5k3nwmvc22,2024-12-25,"#holiday, #moneytalks, #USPOL",other,neutral,none,64.6,4,3,2,5,Unclear purpose or call-to-action.,Consider adding a clear call-to-action or more context to the post.,https://bsky.app/profile/goodsuniteus.bsky.social/post/3le5k3nwmvc22
bluesky,bluesky:3le5d4oqs5222,2024-12-25,www.wsj.com/business/tru...,news_reaction,informational,link_in_bio,70.8,5,3,1,1,,Consider adding a brief summary or quote from the article to increase engagement.,https://bsky.app/profile/goodsuniteus.bsky.social/post/3le5d4oqs5222
bluesky,bluesky:3le3wgpexfs27,2024-12-25,,other,neutral,none,56.2,3,2,1,5,Unclear topic and lack of context,Add a clear caption or description to provide context,https://bsky.app/profile/goodsuniteus.bsky.social/post/3le3wgpexfs27
bluesky,bluesky:3ldzmlguy4227,2024-12-24,"#carpolitics, #USPOL, #moneytalks Shop with purpose. Check the Goods Unite Us app!",company_callout,practical,link_in_bio,70.8,5,4,1,5,,Consider sharing a breakdown of the app's features or benefits.,https://bsky.app/profile/goodsuniteus.bsky.social/post/3ldzmlguy4227
bluesky,bluesky:3ldyo7qxgek27,2024-12-23,"#USPOL, #moneytalks, #holiday Shop with purpose.",brand_value,values_based,none,65.6,4,3,2,5,Unclear call-to-action,Consider adding a clear call-to-action or a link to a related resource,https://bsky.app/profile/goodsuniteus.bsky.social/post/3ldyo7qxgek27
bluesky,bluesky:3ldu4zck4ps27,2024-12-22,Don’t get snowed by your winter gear. Shop with purpose.,brand_value,practical,link_in_bio,43.8,5,4,1,5,,Consider repurposing as a sponsored post or influencer collaboration.,https://bsky.app/profile/goodsuniteus.bsky.social/post/3ldu4zck4ps27
bluesky,bluesky:3ldorwtoaxc2r,2024-12-19,Get our app and shop with purpose. #goodsuniteus; #holidays; #shopping; #USPOL,brand_value,practical,download_app,57.3,5,3,2,5,,Consider sharing a breakdown of the app's features or benefits to increase engagement.,https://bsky.app/profile/goodsuniteus.bsky.social/post/3ldorwtoaxc2r
bluesky,bluesky:3ldkixnltps2r,2024-12-18,No surprises here…,other,surprising,none,51.0,3,2,2,5,Unclear content and context,,https://bsky.app/profile/goodsuniteus.bsky.social/post/3ldkixnltps2r
bluesky,bluesky:3ldgmxvztk22l,2024-12-16,#USPOL #cocktails #vote #holiday #moneytalks,other,neutral,none,51.0,3,4,2,5,Unclear purpose or goal,Consider adding a clear call-to-action or more context,https://bsky.app/profile/goodsuniteus.bsky.social/post/3ldgmxvztk22l
bluesky,bluesky:3ld7dmimlws23,2024-12-13,Shares of JP Morgan have seen significant growth since the election despite the company’s politics.,issue_breakdown,practical,none,31.2,4,2,3,5,Unclear engagement metrics,Consider adding more context or data to support the claim,https://bsky.app/profile/goodsuniteus.bsky.social/post/3ld7dmimlws23
bluesky,bluesky:3ld5rjkjzbc2s,2024-12-13,"The health insurance industry makes billions of dollars in profits, which enables it to pump huge sums of private money into politics. Find out where that money is going with the Goods Unite Us app!",issue_breakdown,informational,download_app,43.8,4,3,2,1,Unclear,Consider adding more context or visuals to increase engagement and clarity.,https://bsky.app/profile/goodsuniteus.bsky.social/post/3ld5rjkjzbc2s
bluesky,bluesky:3ld4schcwyk2w,2024-12-12,#USPOL #healthinsurance #health #insurance #moneyvotes,other,neutral,none,55.2,4,3,2,5,Unclear,Consider adding a clear call-to-action or more context to increase engagement.,https://bsky.app/profile/goodsuniteus.bsky.social/post/3ld4schcwyk2w
bluesky,bluesky:3ld2ic6xq6s2b,2024-12-11,#vacation #USPOL,other,neutral,none,55.2,5,3,1,5,,Consider adding a clear call-to-action or more context to the post.,https://bsky.app/profile/goodsuniteus.bsky.social/post/3ld2ic6xq6s2b
bluesky,bluesky:3lcy6slhrz22w,2024-12-10,#USPOL #banking #vote,politician_issue_card,urgent,other,38.5,4,3,4,5,Unclear call to action,Use as a news reaction,https://bsky.app/profile/goodsuniteus.bsky.social/post/3lcy6slhrz22w
bluesky,bluesky:3lcy64uwjys22,2024-12-10,#USPOL,other,neutral,none,43.8,2,3,2,4,Lack of clear content or context,,https://bsky.app/profile/goodsuniteus.bsky.social/post/3lcy64uwjys22
bluesky,bluesky:3lcy636kxyc22,2024-12-10,,other,neutral,none,55.2,3,2,1,5,Insufficient information,Request more context or information,https://bsky.app/profile/goodsuniteus.bsky.social/post/3lcy636kxyc22
bluesky,bluesky:3lctqlaeros2y,2024-12-09,,other,neutral,none,51.0,3,2,2,4,Unclear topic and lack of context.,Add a clear caption or description to provide context.,https://bsky.app/profile/goodsuniteus.bsky.social/post/3lctqlaeros2y
bluesky,bluesky:3lchcps73vs2c,2024-12-04,#USPOL,other,neutral,none,38.5,1,2,1,3,Lack of clear content or context,Uncertain,https://bsky.app/profile/goodsuniteus.bsky.social/post/3lchcps73vs2c
bluesky,bluesky:3lce3wcgvxs2t,2024-12-02,,other,neutral,none,31.2,3,2,2,4,Unclear topic and audience,,https://bsky.app/profile/goodsuniteus.bsky.social/post/3lce3wcgvxs2t
bluesky,bluesky:3lcccjfgccc2z,2024-12-02,#cybermonday,other,neutral,none,38.5,5,4,1,5,Unclear,Consider adding a clear call-to-action or more context.,https://bsky.app/profile/goodsuniteus.bsky.social/post/3lcccjfgccc2z
bluesky,bluesky:3lcbyid7xy22k,2024-12-02,youtu.be/XVV3x_ysFxk?...,other,neutral,none,51.0,3,2,2,1,Lack of context or description,Add a brief description or summary of the content to improve clarity and shareability,https://bsky.app/profile/goodsuniteus.bsky.social/post/3lcbyid7xy22k
bluesky,bluesky:3lc72usma722p,2024-11-30,#USPOL,other,neutral,none,31.2,3,2,2,4,Lack of clear content or context,,https://bsky.app/profile/goodsuniteus.bsky.social/post/3lc72usma722p
bluesky,bluesky:3lc4hof6zsk2y,2024-11-29,#blackfriday,other,neutral,none,20.8,5,3,1,5,Unclear purpose or goal.,Consider adding a clear call-to-action or more context.,https://bsky.app/profile/goodsuniteus.bsky.social/post/3lc4hof6zsk2y
bluesky,bluesky:3lc4cjhmars2o,2024-11-29,,other,neutral,none,20.8,3,2,2,5,Unclear content and lack of engagement metrics.,Consider adding a caption or description to provide context.,https://bsky.app/profile/goodsuniteus.bsky.social/post/3lc4cjhmars2o
bluesky,bluesky:3lc464grja22o,2024-11-29,www.goodsuniteus.com/2024/11/29/h...,other,neutral,link_in_bio,38.5,3,2,2,1,Unclear topic and audience,,https://bsky.app/profile/goodsuniteus.bsky.social/post/3lc464grja22o
bluesky,bluesky:3lbsewckmdk2l,2024-11-25,No surprises here! #USPOL,other,surprising,none,20.8,4,3,2,5,Unclear without additional context,Consider adding more context or a clear call-to-action,https://bsky.app/profile/goodsuniteus.bsky.social/post/3lbsewckmdk2l
bluesky,bluesky:3lbsbjkm4ns2l,2024-11-25,"As the Goods research team updates our site with the new FEC data, it’s no surprise that Tesla went from blue to dark red! Download the free Goods Unite Us app and see more!",company_callout,practical,download_app,43.8,4,3,2,5,,"Consider sharing a breakdown of the FEC data on the app, with a clear explanation of its significance.",https://bsky.app/profile/goodsuniteus.bsky.social/post/3lbsbjkm4ns2l
bluesky,bluesky:3lbiqtz32552r,2024-11-22,Download our app and start putting your money where your vote is.,company_callout,practical,download_app,31.2,5,3,2,5,,Consider sharing a breakdown of how the app works or its benefits,https://bsky.app/profile/goodsuniteus.bsky.social/post/3lbiqtz32552r
instagram,instagram:DcbQQGfoIfI,,See how Adobe Systems feels about Support for DEI. Full breakdown: https://www.goodsuniteus.com/issues/-LX7m6-GWnjnsRXsZ93Z (link in bio) #GoodsUniteUs #VoteWithYourWallet #CorporatePolitics,issue_breakdown,accountability,link_in_bio,20.0,4,3,4,2,"Unclear call to action, potentially misleading",Consider rephrasing to clearly state the issue and desired action,https://www.instagram.com/p/DcbQQGfoIfI
instagram,instagram:DcJpsZLo_ev,,#politics #boycott #vote,politician_issue_card,urgent,none,60.0,5,4,4,5,Unclear,Use as a starting point for a more in-depth discussion on the issue.,https://www.instagram.com/p/DcJpsZLo_ev
instagram,instagram:Dd1YH69nSyj,,See how Johnson & Johnson feels about Israel. Download the free app to see more → link in bio (https://www.goodsuniteus.com/issues/-LX7m60z84aRskXqzjsL) #GoodsUniteUs #VoteWithYourWallet #CorporatePolitics,company_callout,accountability,link_in_bio,40.0,4,3,4,5,unclear,modify the caption to be more concise and clear,https://www.instagram.com/p/Dd1YH69nSyj
instagram,instagram:Ddtpr-Tl2lf,,See where Jon Ossoff stands on Abortion & Reproductive Rights. Download the free app to see more → link in bio (https://www.goodsuniteus.com/politician/-LaTXI9KG9AvhyNOFzGZ) #GoodsUniteUs #VoteWithYourWallet #CorporatePolitics,politician_issue_card,accountability,link_in_bio,70.0,5,4,4,5,Unclear,Consider adding more context or information about the politician's stance.,https://www.instagram.com/p/Ddtpr-Tl2lf
instagram,instagram:DdjoOK_IKv0,,Vote with your wallet. Download the Goods app. #politics #vote #boycott,company_callout,values_based,download_app,90.0,5,4,4,3,Unclear,Consider rephrasing the call-to-action to be more inclusive and less confrontational.,https://www.instagram.com/p/DdjoOK_IKv0
instagram,instagram:DdjWf8kDaHC,,See how Procter & Gamble feels about Universal Healthcare. Download the free app to see more → link in bio (https://www.goodsuniteus.com/issues/-LX7m60rvJvllJn9yJL6) #GoodsUniteUs #VoteWithYourWallet #CorporatePolitics,company_callout,accountability,link_in_bio,40.0,4,3,4,2,Unclear call to action in the caption,Consider rephrasing the caption to make the call to action clearer,https://www.instagram.com/p/DdjWf8kDaHC
instagram,instagram:Ddb_ua-DzEL,,See where Laura Gillen stands on Support for DEI. Download the free app to see more → link in bio (https://www.goodsuniteus.com/politician/-Oqo8\_BMQ-4gKftoniGA) #GoodsUniteUs #VoteWithYourWallet #CorporatePolitics,politician_issue_card,accountability,link_in_bio,50.0,5,4,4,5,Unclear,Use as a starting point for a more in-depth discussion on corporate politics and accountability.,https://www.instagram.com/p/Ddb_ua-DzEL
instagram,instagram:DdR8FZqlM-2,,See how Progressive feels about LGBTQ Rights. Full breakdown: https://www.goodsuniteus.com/issues/-LX7m60\_y5uDkDSt5eaK (link in bio) #GoodsUniteUs #VoteWithYourWallet #CorporatePolitics,issue_breakdown,accountability,link_in_bio,80.0,4,3,4,5,unclear,consider adding more context or visuals,https://www.instagram.com/p/DdR8FZqlM-2
instagram,instagram:DcljdezIDrd,,See where Janelle Bynum stands on Immigrant Rights. Full breakdown: https://www.goodsuniteus.com/politician/-ONWYIJDhUOB44Kc\_qkI (link in bio) #GoodsUniteUs #VoteWithYourWallet #CorporatePolitics,politician_issue_card,accountability,link_in_bio,10.0,5,4,4,3,,Consider sharing the breakdown link on other platforms to reach a broader audience.,https://www.instagram.com/p/DcljdezIDrd
instagram,instagram:Dcbd61QIaAh,,Download the Goods Unite Us app and check out how the brands you buy affect our elections. #politics #boycott #money,company_callout,practical,download_app,100.0,4,4,3,5,,Consider promoting the app on other social media platforms to reach a broader audience.,https://www.instagram.com/p/Dcbd61QIaAh
instagram,instagram:DcTh5dsnGGa,,See where DELIA RAMIREZ stands on Gun Control. Full breakdown: https://www.goodsuniteus.com/politician/-ODbZYsKB5qNrW4CmjxT (link in bio) #GoodsUniteUs #VoteWithYourWallet #CorporatePolitics,politician_issue_card,accountability,link_in_bio,10.0,5,4,4,3,none,consider sharing on other platforms,https://www.instagram.com/p/DcTh5dsnGGa
threads,threads:Dd4eFB3HzKK,,"BREAKING: Reid Hoffman gave $10,000,000 on June 30 to Lone Star Rising PAC, a Democratic super PAC backing James Talarico. See where LinkedIn's money goes at https://goodsuniteus.com/company/-LX7m62fCQSl_Pz_-jJT",politician_issue_card,informational,link_in_bio,,5,4,3,1,,consider adding an image or visual element to enhance shareability,https://www.threads.com/@goodsuniteus/post/Dd4eFB3HzKK
threads,threads:Dd2u1KKEbEi,,"BREAKING: Michael Bloomberg gave $2,500,000 on July 28 to 314 Action Fund, a Democratic hybrid PAC. See where Bloomberg LP's money goes at https://goodsuniteus.com/company/-LX7m5zrQEQQ4WjIOkQz",politician_issue_card,informational,link_in_bio,,5,4,3,1,,consider adding an image or visual element to enhance shareability,https://www.threads.com/@goodsuniteus/post/Dd2u1KKEbEi
threads,threads:Dd1YGmvIPOf,,See how Johnson & Johnson feels about Union Support. Download the free app to see more. https://www.goodsuniteus.com/issues/-LX7m60z84aRskXqzjsL,company_callout,accountability,download_app,,4,3,2,1,Unclear metrics,Consider adding a visual element to increase engagement,https://www.threads.com/@goodsuniteus/post/Dd1YGmvIPOf
threads,threads:DdtprihloGB,,See where Jon Ossoff stands on Immigrant Rights. Download the free app to see more. https://www.goodsuniteus.com/politician/-LaTXI9KG9AvhyNOFzGZ,politician_issue_card,informational,download_app,,5,4,3,1,,Consider sharing on other platforms to reach a broader audience.,https://www.threads.com/@goodsuniteus/post/DdtprihloGB
