platform,published_month,posts,posts_with_metrics,total_engagements,avg_engagements,median_engagements,avg_platform_percentile,avg_clarity_score,avg_shareability_score,avg_visual_score,avg_risk_score
bluesky,2024-11,7,7,14.0,2.0,2.0,29.59,3.86,2.57,4.29,1.86
bluesky,2024-12,23,23,221.0,9.61,6.0,53.52,3.78,2.91,4.26,1.87
bluesky,2025-01,8,8,499.0,62.38,63.5,90.1,3.88,3.38,3.75,2.5
bluesky,2025-02,6,6,339.0,56.5,55.5,88.72,4.0,3.83,4.67,2.33
bluesky,2025-03,6,6,209.0,34.83,34.0,80.57,4.0,3.17,4.83,3.0
bluesky,2025-04,4,4,104.0,26.0,13.0,62.22,3.75,3.5,4.25,2.75
bluesky,2025-05,3,3,36.0,12.0,11.0,63.9,3.67,2.67,4.33,2.67
bluesky,2025-06,8,8,216.0,27.0,15.5,71.61,4.62,3.62,4.75,2.62
bluesky,2025-09,2,2,38.0,19.0,19.0,73.95,3.5,4.0,5.0,2.0
bluesky,2026-07,5,5,9.0,1.8,1.0,27.48,4.6,2.6,1.0,3.4
bluesky,2026-08,12,12,17.0,1.42,1.0,22.44,4.58,2.83,1.0,3.33
bluesky,2026-09,13,13,26.0,2.0,2.0,26.0,4.77,2.85,2.23,3.62
instagram,,11,11,131.0,11.91,5.0,51.82,4.55,3.64,3.91,3.91
threads,,4,0,0.0,,,,4.75,3.75,1.0,2.75
