platform,author_handle,post_url,post_id,threads_internal_id,published_at,post_text,likes,comments,replies,shares,reposts,quotes,image_url,media_type,scraped_at
instagram,goodsuniteus,https://www.instagram.com/p/DcbQQGfoIfI,DcbQQGfoIfI,,2026-08-24,See how Adobe Systems feels about Support for DEI. Full breakdown: https://www.goodsuniteus.com/issues/-LX7m6-GWnjnsRXsZ93Z (link in bio) #GoodsUniteUs #VoteWithYourWallet #CorporatePolitics,3,0,,,,,https://scontent-lax3-2.cdninstagram.com/v/t51.82787-15/784518221_18357110149217534_7035324149280908274_n.jpg?stp=dst-jpg_e35_tt6&_nc_cat=107&ig_cache_key=Mzk3MDgzODk3MTY4NjA5NDc5Mg%3D%3D.3-ccb7-5&ccb=7-5&_nc_sid=58cdad&efg=eyJ2ZW5jb2RlX3RhZyI6IkZFRUQueHBpZHMuMTA4MC5zZHIucmVndWxhcl9waG90by5DMyJ9&_nc_ohc=cmbCB-pstC0Q7kNvwG2fo9W&_nc_oc=Adoqm--d6zpWB-gsJ8Ay5lOA3VE5oi2iBDIXI55vCqeHb7BZ3D4kq3QkIdZX1wiMOMc&_nc_zt=23&_nc_ht=scontent-lax3-2.cdninstagram.com&_nc_gid=1M5q5gEsn6ql5hKH3m35lg&_nc_ss=79689&oh=00_AQMd97uyuxVDgZPL18ND7WY1wCF1bCKxiyRFJtqwpeCV3g&oe=6AC367A8,image,2026-09-30T23:57:12.518010+00:00
instagram,goodsuniteus,https://www.instagram.com/p/DcJpsZLo_ev,DcJpsZLo_ev,,2026-08-17,#politics #boycott #vote,6,0,,,,,https://scontent-dfw5-1.cdninstagram.com/v/t51.82787-15/775603217_18356204155217534_959086807705819225_n.jpg?stp=dst-jpg_e35_tt6&_nc_cat=106&ig_cache_key=Mzk2NTg4NDMxNzQ3OTIwNDc4Mw%3D%3D.3-ccb7-5&ccb=7-5&_nc_sid=58cdad&efg=eyJ2ZW5jb2RlX3RhZyI6IkZFRUQueHBpZHMuMTM1MC5zZHIucmVndWxhcl9waG90by5DMyJ9&_nc_ohc=nBE0-VYoozUQ7kNvwEMkI56&_nc_oc=AdrAFpM7I1_mdEFfvSuPuSftkyuy6-xs9HnkmfuK4yMH-_687pUKWDHGr5SLr9hObLJCK6xTH0dAJo3qN2djTqRC&_nc_zt=23&_nc_ht=scontent-dfw5-1.cdninstagram.com&_nc_gid=DnRXuPG_1MJBQC3V0GQ_IA&_nc_ss=7b689&oh=00_AQNx89Lh3i30pmkjx4NZxOCBrRi2ksfoD4gwaVOM7mUFFg&oe=6AC37B6F,image,2026-09-30T23:57:12.518954+00:00
instagram,goodsuniteus,https://www.instagram.com/p/Dd1YH69nSyj,Dd1YH69nSyj,,2026-09-28,See how Johnson & Johnson feels about Israel. Download the free app to see more → link in bio (https://www.goodsuniteus.com/issues/-LX7m60z84aRskXqzjsL) #GoodsUniteUs #VoteWithYourWallet #CorporatePolitics,4,0,,,,,https://scontent-ord5-1.cdninstagram.com/v/t51.82787-15/828480816_18361678861217534_8195479257242432807_n.jpg?stp=dst-jpg_e35_tt6&_nc_cat=109&ig_cache_key=Mzk5NjIwNjM0MTgyNDUyMzQyNw%3D%3D.3-ccb7-5&ccb=7-5&_nc_sid=58cdad&efg=eyJ2ZW5jb2RlX3RhZyI6IkZFRUQueHBpZHMuMTA4MC5zZHIucmVndWxhcl9waG90by5DMyJ9&_nc_ohc=HpnxTXQo9mYQ7kNvwG_1a0v&_nc_oc=AdqrPOYad51g2HDJnJSANZPeVVyznDxGjibvMwi-WWTf_ZIG_UtZOTI0_5DE97H-UL4&_nc_zt=23&_nc_ht=scontent-ord5-1.cdninstagram.com&_nc_gid=xq_k8sgYWP1q1cOiNDBVRQ&_nc_ss=7a689&oh=00_AQMqNRKXyF1x9suhZyaDm5wZlK3Fmo_EH1TQvarptV336w&oe=6AC367FD,image,2026-09-30T23:57:12.520074+00:00
instagram,goodsuniteus,https://www.instagram.com/p/Ddtpr-Tl2lf,Ddtpr-Tl2lf,,2026-09-25,See where Jon Ossoff stands on Abortion & Reproductive Rights. Download the free app to see more → link in bio (https://www.goodsuniteus.com/politician/-LaTXI9KG9AvhyNOFzGZ) #GoodsUniteUs #VoteWithYourWallet #CorporatePolitics,7,0,,,,,https://scontent-sea5-1.cdninstagram.com/v/t51.82787-15/818813323_18361277758217534_3518325857807497657_n.jpg?stp=dst-jpg_e35_tt6&_nc_cat=110&ig_cache_key=Mzk5NDAzMTc4NjI5MjYzNTk5OQ%3D%3D.3-ccb7-5&ccb=7-5&_nc_sid=58cdad&efg=eyJ2ZW5jb2RlX3RhZyI6IkZFRUQueHBpZHMuMTA4MC5zZHIucmVndWxhcl9waG90by5DMyJ9&_nc_ohc=dWNndVlAbUoQ7kNvwEkGMGj&_nc_oc=Ado_deKne87VBU6l8cy4k72ALISAH1wb_dhSwTMM1yxt3Qk2uq-_Pmq4QQf5hznZhuI&_nc_zt=23&_nc_ht=scontent-sea5-1.cdninstagram.com&_nc_gid=L5J7VrFA5iX8G3n8QiRg8A&_nc_ss=7aa8c&oh=00_AQOGAcEpKx4qVR8OqSmbGbU36q1huU_mcSs0BdibIWfXpg&oe=6AC3795D,image,2026-09-30T23:57:12.520593+00:00
instagram,goodsuniteus,https://www.instagram.com/p/DdjoOK_IKv0,DdjoOK_IKv0,,2026-09-21,Vote with your wallet. Download the Goods app. #politics #vote #boycott,16,0,,,,,https://scontent-ord5-2.cdninstagram.com/v/t51.82787-15/808431063_18360801601217534_2965297980604245045_n.jpg?stp=dst-jpg_e35_tt6&_nc_cat=104&ig_cache_key=Mzk5MTIwODQ4OTE4MjkwODUwNA%3D%3D.3-ccb7-5&ccb=7-5&_nc_sid=58cdad&efg=eyJ2ZW5jb2RlX3RhZyI6IkNBUk9VU0VMX0lURU0ueHBpZHMuMTA4OC5zZHIucmVndWxhcl9waG90by5DMyJ9&_nc_ohc=RSfUHQLjy0MQ7kNvwFqNMR1&_nc_oc=AdpAXcmmOF32tK0x9n7_py69Ub_9zu_G0X8HiSYh9lgPUpL212UvdaRlnZtoop4vEjw&_nc_zt=23&_nc_ht=scontent-ord5-2.cdninstagram.com&_nc_gid=b9oczuzG9c3K8l8spaKJ-w&_nc_ss=78689&oh=00_AQPnIJrJutGVDy_QEOdLrKPgqLAB7BzIwL-TYSJ2vd2Okw&oe=6AC368BD,image,2026-09-30T23:57:12.521126+00:00
instagram,goodsuniteus,https://www.instagram.com/p/DdjWf8kDaHC,DdjWf8kDaHC,,2026-09-21,See how Procter & Gamble feels about Universal Healthcare. Download the free app to see more → link in bio (https://www.goodsuniteus.com/issues/-LX7m60rvJvllJn9yJL6) #GoodsUniteUs #VoteWithYourWallet #CorporatePolitics,4,0,,,,,https://scontent-iad3-1.cdninstagram.com/v/t51.82787-15/795644378_18360783910217534_7600797834678201166_n.jpg?stp=dst-jpg_e35_tt6&_nc_cat=110&ig_cache_key=Mzk5MTEzMjY0NzEzNjc5NzEyMg%3D%3D.3-ccb7-5&ccb=7-5&_nc_sid=58cdad&efg=eyJ2ZW5jb2RlX3RhZyI6IkZFRUQueHBpZHMuMTA4MC5zZHIucmVndWxhcl9waG90by5DMyJ9&_nc_ohc=lZwYSbGVlVIQ7kNvwFNQdFI&_nc_oc=AdpQCtlsyTK6URpCs7ihmzP9x-18tiO-qbQOOLMc2HVoo1kmdrNragZR7WJ6PYmVwUY&_nc_zt=23&_nc_ht=scontent-iad3-1.cdninstagram.com&_nc_gid=h70yDMS2CxKxD7hUK-FBPw&_nc_ss=7b689&oh=00_AQOKzdFy6N5fv737RCv0J0DRcD_IJLIVbmisaKz2RKPWpA&oe=6AC36307,image,2026-09-30T23:57:12.521652+00:00
instagram,goodsuniteus,https://www.instagram.com/p/Ddb_ua-DzEL,Ddb_ua-DzEL,,2026-09-18,See where Laura Gillen stands on Support for DEI. Download the free app to see more → link in bio (https://www.goodsuniteus.com/politician/-Oqo8\_BMQ-4gKftoniGA) #GoodsUniteUs #VoteWithYourWallet #CorporatePolitics,5,0,,,,,https://scontent-lax3-1.cdninstagram.com/v/t51.82787-15/813949086_18360403198217534_7863415022491103556_n.jpg?stp=dst-jpg_e35_tt6&_nc_cat=104&ig_cache_key=Mzk4OTA2MjE2MTk1MTMwNTk5NQ%3D%3D.3-ccb7-5&ccb=7-5&_nc_sid=58cdad&efg=eyJ2ZW5jb2RlX3RhZyI6IkZFRUQueHBpZHMuMTA4MC5zZHIucmVndWxhcl9waG90by5DMyJ9&_nc_ohc=g2VwEiJeyesQ7kNvwEhGI8E&_nc_oc=AdrMuhCR5wzcsiXyFEyXCVqe7azJUuyCUZ4PTQo8PlaJH240t5tpcCy3mTcwpI_S_c0&_nc_zt=23&_nc_ht=scontent-lax3-1.cdninstagram.com&_nc_gid=9ZP_FkyLL3ofLoF6TNUTgw&_nc_ss=78a8c&oh=00_AQPuJnLsesCBKJhK4QQqcQiE99Qx0fA77Iyh0t1DBH2nLA&oe=6AC364B0,image,2026-09-30T23:57:12.522221+00:00
instagram,goodsuniteus,https://www.instagram.com/p/DdR8FZqlM-2,DdR8FZqlM-2,,2026-09-14,See how Progressive feels about LGBTQ Rights. Full breakdown: https://www.goodsuniteus.com/issues/-LX7m60\_y5uDkDSt5eaK (link in bio) #GoodsUniteUs #VoteWithYourWallet #CorporatePolitics,8,0,,,,,https://scontent-ord5-1.cdninstagram.com/v/t51.82787-15/809876385_18359920834217534_553477952713238975_n.jpg?stp=dst-jpg_e35_tt6&_nc_cat=109&ig_cache_key=Mzk4NjIzMTM5OTE0NTU5MDcxMA%3D%3D.3-ccb7-5&ccb=7-5&_nc_sid=58cdad&efg=eyJ2ZW5jb2RlX3RhZyI6IkZFRUQueHBpZHMuMTA4MC5zZHIucmVndWxhcl9waG90by5DMyJ9&_nc_ohc=q3yI4FzLsmUQ7kNvwHa5tQ_&_nc_oc=AdoNe7jzhU8HZEpNVhyPp6hyHyNVWyu4AtwKCsOOnywBKHR9mA2xSluyZKP-5jQU9XM&_nc_zt=23&_nc_ht=scontent-ord5-1.cdninstagram.com&_nc_gid=zCXnegDM5akGQNPwIyzLIg&_nc_ss=7b689&oh=00_AQNIXJI5LAlm_coGadGq3X1kpyIKW8nXJE5zCwkJla49_w&oe=6AC34E86,image,2026-09-30T23:57:12.522760+00:00
instagram,meganhottman,https://www.instagram.com/p/Dc9P8ISgV06,Dc9P8ISgV06,,2026-09-06,🙌🙌❤️❤️ 2 likes Reply original_weride4girl's profile picture original\_weride4girl 3w Way to go! Thank you for sharing all this. We have loved our time in Europe with no car. 2 likes Reply bdubya1980's profile picture bdubya1980 3w Maybe more intense than Costco by bike is Costco at all on a Saturday! Well done! 👏😂 2 likes Reply,2,,,,,,https://scontent-atl3-1.cdninstagram.com/v/t51.82787-15/798466886_18376674469231531_8710300234664034323_n.jpg?stp=dst-jpg_e35_tt6&_nc_cat=106&ig_cache_key=Mzk4MDQwMzY3NzMxODYxNjM5NQ%3D%3D.3-ccb7-5&ccb=7-5&_nc_sid=58cdad&efg=eyJ2ZW5jb2RlX3RhZyI6IkNBUk9VU0VMX0lURU0ueHBpZHMuMzA3Mi5zZHIucmVndWxhcl9waG90by5DMyJ9&_nc_ohc=rnPj29twCtEQ7kNvwHNl6vv&_nc_oc=Adp8xpgxahYeA-CXZYy-inY-Z3YUjfOhnnxnSTPSzNKL_OkYc02YRZfdwyJuOgi_KGkppDt8lAqa8BfB2B7HSAaP&_nc_zt=23&_nc_ht=scontent-atl3-1.cdninstagram.com&_nc_gid=cBB5CY09AXD1pSNJMpui0A&_nc_ss=78289&oh=00_AQNGextiyd5RuGEa7MZHdGpLqsOXnwCx9I2OYZqnkdrC9A&oe=6AC37571,image,2026-09-30T23:57:12.524653+00:00
instagram,goodsuniteus,https://www.instagram.com/p/DcljdezIDrd,DcljdezIDrd,,2026-08-28,See where Janelle Bynum stands on Immigrant Rights. Full breakdown: https://www.goodsuniteus.com/politician/-ONWYIJDhUOB44Kc\_qkI (link in bio) #GoodsUniteUs #VoteWithYourWallet #CorporatePolitics,1,0,,,,,https://scontent-mia3-1.cdninstagram.com/v/t51.82787-15/785689310_18357632002217534_6861887020833018836_n.jpg?stp=dst-jpg_e35_tt6&_nc_cat=110&ig_cache_key=Mzk3MzczODIwMzc4NzA0OTY5Mw%3D%3D.3-ccb7-5&ccb=7-5&_nc_sid=58cdad&efg=eyJ2ZW5jb2RlX3RhZyI6IkZFRUQueHBpZHMuMTA4MC5zZHIucmVndWxhcl9waG90by5DMyJ9&_nc_ohc=c3amKHIPCpcQ7kNvwFewVsL&_nc_oc=AdpsX1uqHJLDLZe6vAHyoiqfPco3nPcO0X4AvjXUPh0jJWajoMhVgPzScevg8BSlk0A&_nc_zt=23&_nc_ht=scontent-mia3-1.cdninstagram.com&_nc_gid=J2shFNgxB40kvjn0HAgOIg&_nc_ss=7ba8c&oh=00_AQNNIm3H_sKmqDIG5DrTXoNvypdpncTIO-83CoHeWIaGYA&oe=6AC35465,image,2026-09-30T23:57:12.525139+00:00
instagram,goodsuniteus,https://www.instagram.com/p/Dcbd61QIaAh,Dcbd61QIaAh,,2026-08-24,Download the Goods Unite Us app and check out how the brands you buy affect our elections. #politics #boycott #money,76,,,,,,https://scontent-dfw5-1.cdninstagram.com/v/t51.82787-15/786166793_18357124102217534_6590893989090432817_n.jpg?stp=dst-jpg_e35_tt6&_nc_cat=111&ig_cache_key=Mzk3MDg5OTA4MjcxNDY1MjcwNQ%3D%3D.3-ccb7-5&ccb=7-5&_nc_sid=58cdad&efg=eyJ2ZW5jb2RlX3RhZyI6IkZFRUQueHBpZHMuMTU3Mi5zZHIucmVndWxhcl9waG90by5DMyJ9&_nc_ohc=vXsiIibqR1YQ7kNvwG8LtX0&_nc_oc=AdqnSSpOGLzp8UXIoncUTZJpU7mnbmJtx9gSq78J_h1Gf8q-MGIntSyweh2SZuwADbCdagJ0aTP0Afnk7HignVcW&_nc_zt=23&_nc_ht=scontent-dfw5-1.cdninstagram.com&_nc_gid=6CLodh-Kj8QFXM9IeDCGMg&_nc_ss=7b689&oh=00_AQO4h39u1nbMEM9pSQUpPJgs2VVcDkNMZOft7IgXwVEDiA&oe=6AC37F78,image,2026-09-30T23:57:12.526256+00:00
instagram,goodsuniteus,https://www.instagram.com/p/DcTh5dsnGGa,DcTh5dsnGGa,,2026-08-21,See where DELIA RAMIREZ stands on Gun Control. Full breakdown: https://www.goodsuniteus.com/politician/-ODbZYsKB5qNrW4CmjxT (link in bio) #GoodsUniteUs #VoteWithYourWallet #CorporatePolitics,1,0,,,,,https://scontent-msp1-1.cdninstagram.com/v/t51.82787-15/783617796_18356723047217534_2815295314135099550_n.jpg?stp=dst-jpg_e35_tt6&_nc_cat=109&ig_cache_key=Mzk2ODY2NDc4MTA3NTUzODMzMA%3D%3D.3-ccb7-5&ccb=7-5&_nc_sid=58cdad&efg=eyJ2ZW5jb2RlX3RhZyI6IkZFRUQueHBpZHMuMTA4MC5zZHIucmVndWxhcl9waG90by5DMyJ9&_nc_ohc=2fquNSWmYtoQ7kNvwHIOR-B&_nc_oc=AdosylQC3KyEDGREH7eGx8RaD8jVdpZQw78xdTmnIuc7xC4HbNEGixYTJGeJr-nPpy4&_nc_zt=23&_nc_ht=scontent-msp1-1.cdninstagram.com&_nc_gid=U9975R-aP_mDFGvjJfkwAg&_nc_ss=7a689&oh=00_AQPpl2hRTh0ZP4U-l4mxT8vuLe9dEtlYHhZwnGKwyGVspg&oe=6AC35942,image,2026-09-30T23:57:12.526922+00:00
threads,goodsuniteus,https://www.threads.com/@goodsuniteus/post/Dd4eFB3HzKK,Dd4eFB3HzKK,3997076956282565258,,"BREAKING: Reid Hoffman gave $10,000,000 on June 30 to Lone Star Rising PAC, a Democratic super PAC backing James Talarico. See where LinkedIn's money goes at https://goodsuniteus.com/company/-LX7m62fCQSl_Pz_-jJT",,,,,,,,text,2026-09-30T23:57:12.587800+00:00
threads,goodsuniteus,https://www.threads.com/@goodsuniteus/post/Dd2u1KKEbEi,Dd2u1KKEbEi,3996587682516021538,,"BREAKING: Michael Bloomberg gave $2,500,000 on July 28 to 314 Action Fund, a Democratic hybrid PAC. See where Bloomberg LP's money goes at https://goodsuniteus.com/company/-LX7m5zrQEQQ4WjIOkQz",,,,,,,,text,2026-09-30T23:57:12.622691+00:00
threads,goodsuniteus,https://www.threads.com/@goodsuniteus/post/Dd1YGmvIPOf,Dd1YGmvIPOf,3996206251387188127,,See how Johnson & Johnson feels about Union Support. Download the free app to see more. https://www.goodsuniteus.com/issues/-LX7m60z84aRskXqzjsL,,,,,,,,text,2026-09-30T23:57:12.658099+00:00
threads,goodsuniteus,https://www.threads.com/@goodsuniteus/post/DdtprihloGB,DdtprihloGB,3994031756462686593,,See where Jon Ossoff stands on Immigrant Rights. Download the free app to see more. https://www.goodsuniteus.com/politician/-LaTXI9KG9AvhyNOFzGZ,,,,,,,,text,2026-09-30T23:57:12.709996+00:00
