platform,post_url,post_id,published_at,post_text,likes,comments,replies,shares,reposts,quotes,image_url,media_type,scraped_at
bluesky,https://bsky.app/profile/goodsuniteus.bsky.social/post/3mwojirmlmw27,3mwojirmlmw27,2026-09-29T19:05:25.381770+00:00,"BREAKING: Reid Hoffman gave $10,000,000 on June 30 to Lone Star Rising PAC, a Democratic super PAC backing James Talarico. See where LinkedIn's money goes at https://goodsuniteus.com/company/-LX7m62fCQSl_Pz_-jJT",2,,0,,0,0,,text,2026-09-29T23:03:24.976337+00:00
bluesky,https://bsky.app/profile/goodsuniteus.bsky.social/post/3mwmt6su6dj2y,3mwmt6su6dj2y,2026-09-29T02:53:29.074725+00:00,"BREAKING: Michael Bloomberg gave $2,500,000 on July 28 to 314 Action Fund, a Democratic hybrid PAC. See where Bloomberg LP's money goes at https://goodsuniteus.com/company/-LX7m5zrQEQQ4WjIOkQz",0,,0,,0,0,,text,2026-09-29T23:03:24.976337+00:00
bluesky,https://bsky.app/profile/goodsuniteus.bsky.social/post/3mwlitovds522,3mwlitovds522,2026-09-28T14:15:38.662924+00:00,See how Johnson & Johnson feels about Raising Minimum Wage. Download the free app to see more. https://www.goodsuniteus.com/issues/-LX7m60z84aRskXqzjsL,0,,0,,0,0,https://cdn.bsky.app/img/feed_fullsize/plain/did:plc:dkqyfczjnig7me5b7ez54jdw/bafkreifl4xkx7ezlcchah7j43s76eqnzra5hf7344qvasxpp3ee7vws6dm,image,2026-09-29T23:03:24.976337+00:00
bluesky,https://bsky.app/profile/goodsuniteus.bsky.social/post/3mwdxg7ybu627,3mwdxg7ybu627,2026-09-25T14:15:15.047667+00:00,See where Jon Ossoff stands on LGBTQ Rights. Download the free app to see more. https://www.goodsuniteus.com/politician/-LaTXI9KG9AvhyNOFzGZ,0,,0,,0,0,https://cdn.bsky.app/img/feed_fullsize/plain/did:plc:dkqyfczjnig7me5b7ez54jdw/bafkreihfikbir5ii2aswr54p7jsccaqvuudtvgyp2ivxl6sd446ahggiwm,image,2026-09-29T23:03:24.976337+00:00
bluesky,https://bsky.app/profile/goodsuniteus.bsky.social/post/3mw4ysbkoak2l,3mw4ysbkoak2l,2026-09-22T19:51:14.919353+00:00,"BREAKING: Marc Andreessen gave $3,167 to First in Freedom PAC, a Republican leadership PAC. See where Coinbase's money goes at https://goodsuniteus.com/company/-NM06cWJmHPrw77a-vSP",4,,0,,3,0,,text,2026-09-29T23:03:24.976337+00:00
bluesky,https://bsky.app/profile/goodsuniteus.bsky.social/post/3mvzvkonbee2a,3mvzvkonbee2a,2026-09-21T14:15:19.760533+00:00,See how Procter & Gamble feels about Environment Regulations & Renewable Energy Spending. Download the free app to see more. https://www.goodsuniteus.com/issues/-LX7m60rvJvllJn9yJL6,3,,0,,0,0,https://cdn.bsky.app/img/feed_fullsize/plain/did:plc:dkqyfczjnig7me5b7ez54jdw/bafkreidgowgx7psqe6js6n3qherjnskb7yc56j46fo4ibs5nmtw3fi6xou,image,2026-09-29T23:03:24.976337+00:00
bluesky,https://bsky.app/profile/goodsuniteus.bsky.social/post/3mvt2ytsvmo2a,3mvt2ytsvmo2a,2026-09-18T21:04:05.489468+00:00,"BREAKING: Miriam Adelson gave $7,000 to South Dakota Values PAC, a Republican super PAC backing Marty Jackley. See where Las Vegas Sands' money goes at https://goodsuniteus.com/company/-LX7m61mjZOYoQ81MALc",1,,0,,0,0,,text,2026-09-29T23:03:24.976337+00:00
bluesky,https://bsky.app/profile/goodsuniteus.bsky.social/post/3mvspqrl3lz26,3mvspqrl3lz26,2026-09-18T17:42:43.541166+00:00,See where Laura Gillen stands on Gun Control. Download the free app to see more. https://www.goodsuniteus.com/politician/-Oqo8_BMQ-4gKftoniGA,1,,0,,1,0,https://cdn.bsky.app/img/feed_fullsize/plain/did:plc:dkqyfczjnig7me5b7ez54jdw/bafkreicrzttfwnlludbievfofdfam6gbxwgr7ht7asxkknt4y67t4uwa5u,image,2026-09-29T23:03:24.976337+00:00
bluesky,https://bsky.app/profile/goodsuniteus.bsky.social/post/3mvivjaf7aw2a,3mvivjaf7aw2a,2026-09-14T19:59:15.708960+00:00,See how Progressive feels about Abortion & Reproductive Rights. https://www.goodsuniteus.com/issues/-LX7m60_y5uDkDSt5eaK,4,,0,,0,1,https://cdn.bsky.app/img/feed_fullsize/plain/did:plc:dkqyfczjnig7me5b7ez54jdw/bafkreifjsdig2xtm7u5vfkl7azzekv6o7rteg2bcorjh5jv52xjblyqmnm,image,2026-09-29T23:03:24.976337+00:00
bluesky,https://bsky.app/profile/goodsuniteus.bsky.social/post/3mviccrfs6y2a,3mviccrfs6y2a,2026-09-14T14:15:37.580389+00:00,See how Progressive feels about Education Spending. https://www.goodsuniteus.com/issues/-LX7m60_y5uDkDSt5eaK,3,,0,,0,0,,text,2026-09-29T23:03:24.976337+00:00
bluesky,https://bsky.app/profile/goodsuniteus.bsky.social/post/3mvaqvyuz4r24,3mvaqvyuz4r24,2026-09-11T14:15:37.432604+00:00,See where Dave Min stands on Gun Control. https://www.goodsuniteus.com/politician/-OPaZpIw13RWCgPeUFg9,1,,0,,1,0,,text,2026-09-29T23:03:24.976337+00:00
bluesky,https://bsky.app/profile/goodsuniteus.bsky.social/post/3muwozmighy2g,3muwozmighy2g,2026-09-07T14:15:13.788948+00:00,See how Home Depot feels about Israel. https://www.goodsuniteus.com/issues/-LX7m60Xx_Z9DLMVvGUl,1,,0,,0,0,,text,2026-09-29T23:03:24.976337+00:00
bluesky,https://bsky.app/profile/goodsuniteus.bsky.social/post/3mup5n7x4ni2x,3mup5n7x4ni2x,2026-09-04T14:15:26.202448+00:00,See where Yevgeny Vindman stands on Social Security & Medicare Expansion. https://www.goodsuniteus.com/politician/-OPaZmwdWxh7FZ65ZnQG,0,,0,,0,0,,text,2026-09-29T23:03:24.976337+00:00
bluesky,https://bsky.app/profile/goodsuniteus.bsky.social/post/3muf3reo63p2y,3muf3reo63p2y,2026-08-31T14:15:20.504175+00:00,See how Airbnb feels about Israel. https://www.goodsuniteus.com/issues/-LX7m6-RxniAGUnR3R1m,1,,0,,0,0,,text,2026-09-29T23:03:24.976337+00:00
bluesky,https://bsky.app/profile/goodsuniteus.bsky.social/post/3mu5kesjer722,3mu5kesjer722,2026-08-28T14:15:27.039507+00:00,See where Janelle Bynum stands on Gun Control. https://www.goodsuniteus.com/politician/-ONWYIJDhUOB44Kc_qkI,0,,0,,0,0,,text,2026-09-29T23:03:24.976337+00:00
bluesky,https://bsky.app/profile/goodsuniteus.bsky.social/post/3mttliir2ei23,3mttliir2ei23,2026-08-24T15:08:47.378227+00:00,See where DELIA RAMIREZ stands on Gun Control. https://www.goodsuniteus.com/politician/-ODbZYsKB5qNrW4CmjxT,1,,0,,0,0,,text,2026-09-29T23:03:24.976337+00:00
bluesky,https://bsky.app/profile/goodsuniteus.bsky.social/post/3mttlifhqaq23,3mttlifhqaq23,2026-08-24T15:08:43.926703+00:00,See how Adobe Systems feels about Social Security & Medicare Expansion. https://www.goodsuniteus.com/issues/-LX7m6-GWnjnsRXsZ93Z,3,,0,,0,0,,text,2026-09-29T23:03:24.976337+00:00
bluesky,https://bsky.app/profile/goodsuniteus.bsky.social/post/3mtlx4fq3sv2h,3mtlx4fq3sv2h,2026-08-21T14:15:28.544245+00:00,See where DELIA RAMIREZ stands on Social Security & Medicare Expansion. https://www.goodsuniteus.com/politician/-ODbZYsKB5qNrW4CmjxT,1,,0,,0,0,,text,2026-09-29T23:03:24.976337+00:00
bluesky,https://bsky.app/profile/goodsuniteus.bsky.social/post/3mtbvad4gmn2y,3mtbvad4gmn2y,2026-08-17T14:15:15.153244+00:00,See how Alphabet Inc. feels about Workplace Safety. https://www.goodsuniteus.com/issues/-LX7m6-8Ws09v3qr3Q3b,1,,0,,0,0,,text,2026-09-29T23:03:24.976337+00:00
bluesky,https://bsky.app/profile/goodsuniteus.bsky.social/post/3mt2du4wevs26,3mt2du4wevs26,2026-08-14T14:15:34.234163+00:00,See where Josh Riley stands on Gun Control. https://www.goodsuniteus.com/politician/-OD36PPr7MoioaQQBbWs,1,,0,,1,0,,text,2026-09-29T23:03:24.976337+00:00
bluesky,https://bsky.app/profile/goodsuniteus.bsky.social/post/3msqbyft25b2k,3msqbyft25b2k,2026-08-10T14:15:32.911808+00:00,See how Best Buy feels about Universal Healthcare. https://www.goodsuniteus.com/issues/-LX7m6-6p1aQT2FcByHE,3,,0,,1,1,,text,2026-09-29T23:03:24.976337+00:00
bluesky,https://bsky.app/profile/goodsuniteus.bsky.social/post/3msiql4ezm627,3msiql4ezm627,2026-08-07T14:15:15.027616+00:00,See where Pramila Jayapal stands on Immigrant Rights. https://www.goodsuniteus.com/politician/-Ln9pqU1-vM25LLJWE9S,0,,0,,0,0,,text,2026-09-29T23:03:24.976337+00:00
bluesky,https://bsky.app/profile/goodsuniteus.bsky.social/post/3ms72yluofx2z,3ms72yluofx2z,2026-08-03T17:55:07.510696+00:00,See where Sara Jacobs stands on Abortion & Reproductive Rights. https://www.goodsuniteus.com/politician/-LaTXI9zp3pyTo8CCyAx,1,,0,,1,0,,text,2026-09-29T23:03:24.976337+00:00
bluesky,https://bsky.app/profile/goodsuniteus.bsky.social/post/3ms72yhpndz2p,3ms72yhpndz2p,2026-08-03T17:55:03.153273+00:00,See how Abercrombie & Fitch feels about Defense Spending. https://www.goodsuniteus.com/issues/-LX7m5zay46Zd5obLZts,0,,0,,0,0,,text,2026-09-29T23:03:24.976337+00:00
bluesky,https://bsky.app/profile/goodsuniteus.bsky.social/post/3ms6opr6aqz24,3ms6opr6aqz24,2026-08-03T14:15:26.177139+00:00,See how Abercrombie & Fitch feels about Gun Control. https://www.goodsuniteus.com/issues/-LX7m5zay46Zd5obLZts,1,,0,,0,0,,text,2026-09-29T23:03:24.976337+00:00
bluesky,https://bsky.app/profile/goodsuniteus.bsky.social/post/3mrxam55omp24,3mrxam55omp24,2026-07-31T15:14:13.968294+00:00,See where Sara Jacobs stands on Support for DEI. https://www.goodsuniteus.com/politician/-LaTXI9zp3pyTo8CCyAx,1,,0,,0,0,,text,2026-09-29T23:03:24.976337+00:00
bluesky,https://bsky.app/profile/goodsuniteus.bsky.social/post/3mrx5cmdya22s,3mrx5cmdya22s,2026-07-31T14:15:13.131669+00:00,See where Sara Jacobs stands on Union Support. https://www.goodsuniteus.com/politician/-LaTXI9zp3pyTo8CCyAx,1,,0,,0,0,,text,2026-09-29T23:03:24.976337+00:00
bluesky,https://bsky.app/profile/goodsuniteus.bsky.social/post/3mrn3gv2xdw2v,3mrn3gv2xdw2v,2026-07-27T14:15:11.625939+00:00,See how Macy's feels about Raising Minimum Wage. https://www.goodsuniteus.com/issues/-LX7m5zV5lRnVHK3gMlw,1,,0,,0,0,,text,2026-09-29T23:03:24.976337+00:00
bluesky,https://bsky.app/profile/goodsuniteus.bsky.social/post/3mrfk22uvjn27,3mrfk22uvjn27,2026-07-24T14:15:09.727452+00:00,See where Ro Khanna stands on Immigrant Rights. https://www.goodsuniteus.com/politician/-LaTXI9w-S17iD8VSox8,2,,0,,0,0,,text,2026-09-29T23:03:24.976337+00:00
bluesky,https://bsky.app/profile/goodsuniteus.bsky.social/post/3mrbz6vba272g,3mrbz6vba272g,2026-07-23T04:35:38.788060+00:00,See how Walmart feels about LGBTQ Rights. https://www.goodsuniteus.com/issues/-LX7m5zSX9OC1FKBg3q0,4,,0,,0,0,,text,2026-09-29T23:03:24.976337+00:00
bluesky,https://bsky.app/profile/goodsuniteus.bsky.social/post/3lzo6rjnlxk2r,3lzo6rjnlxk2r,2025-09-25T14:42:50.671Z,,8,,1,,6,1,https://video.bsky.app/watch/did%3Aplc%3Adkqyfczjnig7me5b7ez54jdw/bafkreicrx4lxzcv5ox3lcfwqex4hu6pecskkolym2zvv6bqpyjxhsqkylq/thumbnail.jpg,video,2026-09-29T23:03:24.976337+00:00
bluesky,https://bsky.app/profile/goodsuniteus.bsky.social/post/3lzgspieksk2n,3lzgspieksk2n,2025-09-22T16:18:19.147Z,#disney #goodsuniteus #shop #vote,16,,0,,4,2,https://video.bsky.app/watch/did%3Aplc%3Adkqyfczjnig7me5b7ez54jdw/bafkreicf6xd52qlg4jvmeltcfxkj7egciympweg2snsf2fzsay7g6byx74/thumbnail.jpg,video,2026-09-29T23:03:24.976337+00:00
bluesky,https://bsky.app/profile/goodsuniteus.bsky.social/post/3lsmn5mnjqc24,3lsmn5mnjqc24,2025-06-27T21:58:27.982Z,We need to take back our elections from corporations and special interests. Vote with your wallet. #politics #campaignfinancereform #goodsuniteus,24,,4,,15,3,https://video.bsky.app/watch/did%3Aplc%3Adkqyfczjnig7me5b7ez54jdw/bafkreigpdj2733kxev2uzvkjj6hqscrzlwctrj2of6jcctwmtawnmy4kzq/thumbnail.jpg,video,2026-09-29T23:03:24.976337+00:00
bluesky,https://bsky.app/profile/goodsuniteus.bsky.social/post/3lscqome4t22b,3lscqome4t22b,2025-06-23T23:35:01.941Z,"#goodsuniteus #campaignfinancereform
#politics",68,,2,,20,1,https://video.bsky.app/watch/did%3Aplc%3Adkqyfczjnig7me5b7ez54jdw/bafkreibzl5d6ubn3zdlazm53vpbytpqicjglt5j3czrpkaei4ezd7vnuxq/thumbnail.jpg,video,2026-09-29T23:03:24.976337+00:00
bluesky,https://bsky.app/profile/goodsuniteus.bsky.social/post/3ls4qwphww22h,3ls4qwphww22h,2025-06-21T14:23:35.217Z,It’s time to talk campaign finance reform. #goodsuniteus #campaignfinancereform,8,,0,,3,0,https://video.bsky.app/watch/did%3Aplc%3Adkqyfczjnig7me5b7ez54jdw/bafkreiaz7sjsep74ngmkmfcu3exg7nfb7wassxjxzk7qls67p7et2fxjrm/thumbnail.jpg,video,2026-09-29T23:03:24.976337+00:00
bluesky,https://bsky.app/profile/goodsuniteus.bsky.social/post/3lqzurma7dc2a,3lqzurma7dc2a,2025-06-07T17:29:08.169Z,Citi’s political contributions have gone primarily to politicians that do not support LGBTQ+ rights. #pride,14,,1,,5,1,https://video.bsky.app/watch/did%3Aplc%3Adkqyfczjnig7me5b7ez54jdw/bafkreicgh3psywcc4x4kplv773xoo5enjnbftf25ophicxq776aizeumgq/thumbnail.jpg,video,2026-09-29T23:03:24.976337+00:00
bluesky,https://bsky.app/profile/goodsuniteus.bsky.social/post/3lqx3swudys2i,3lqx3swudys2i,2025-06-06T14:57:09.847Z,"While Dick’s has contributed to both sides, the politicians it funds support LGBTQ+ rights. #USPOL",15,,1,,3,1,https://video.bsky.app/watch/did%3Aplc%3Adkqyfczjnig7me5b7ez54jdw/bafkreibvz4irorkkjp5c5uk2vgbmaqd3myynntqrhe6f35chf5azgoajpy/thumbnail.jpg,video,2026-09-29T23:03:24.976337+00:00
bluesky,https://bsky.app/profile/goodsuniteus.bsky.social/post/3lqse5o25ac2v,3lqse5o25ac2v,2025-06-04T17:43:00.942Z,#pride,6,,0,,0,0,https://video.bsky.app/watch/did%3Aplc%3Adkqyfczjnig7me5b7ez54jdw/bafkreidvw32alisfglvdtnd654z4vinpswan5gtz2gst45a6l3rs42d6vq/thumbnail.jpg,video,2026-09-29T23:03:24.976337+00:00
bluesky,https://bsky.app/profile/goodsuniteus.bsky.social/post/3lqse4vgg7c2v,3lqse4vgg7c2v,2025-06-04T17:42:35.129Z,#pride,7,,1,,2,0,https://video.bsky.app/watch/did%3Aplc%3Adkqyfczjnig7me5b7ez54jdw/bafkreigjwoniboen5mjqqkdpu26l4rzwodu75swyatqnqokwsdwnyk4ktu/thumbnail.jpg,video,2026-09-29T23:03:24.976337+00:00
bluesky,https://bsky.app/profile/goodsuniteus.bsky.social/post/3lqnlsdyk7s2d,3lqnlsdyk7s2d,2025-06-02T20:16:32.548Z,"In honor of pride month, we are calling out brands and companies on how their political contributions affect LGBTQ+ rights. #USPOL",7,,0,,3,1,https://video.bsky.app/watch/did%3Aplc%3Adkqyfczjnig7me5b7ez54jdw/bafkreichmbx4iy3o6g6v6vmiou6drzwinlk6cpac6uvvwb3mtpekceo7z4/thumbnail.jpg,video,2026-09-29T23:03:24.976337+00:00
bluesky,https://bsky.app/profile/goodsuniteus.bsky.social/post/3lq3hxrvfdk27,3lq3hxrvfdk27,2025-05-26T15:20:04.639Z,#politics #goodsuniteus,13,,0,,1,1,https://video.bsky.app/watch/did%3Aplc%3Adkqyfczjnig7me5b7ez54jdw/bafkreiadyxndy5fjgg2l3gck6i263q3jes2hf2yjmx54quzpdsocy3iiqu/thumbnail.jpg,video,2026-09-29T23:03:24.976337+00:00
bluesky,https://bsky.app/profile/goodsuniteus.bsky.social/post/3lpf7wqv76k2k,3lpf7wqv76k2k,2025-05-17T18:57:45.844Z,#kroger #politics #moneyinpolitics,5,,3,,2,0,https://video.bsky.app/watch/did%3Aplc%3Adkqyfczjnig7me5b7ez54jdw/bafkreia37o654rdgwb2z4ncukailba23e57zgilkfdfdsmvxufx5gceuiq/thumbnail.jpg,video,2026-09-29T23:03:24.976337+00:00
bluesky,https://bsky.app/profile/goodsuniteus.bsky.social/post/3logp34kxhc2f,3logp34kxhc2f,2025-05-05T15:36:06.550Z,#USPOL,7,,0,,3,1,https://video.bsky.app/watch/did%3Aplc%3Adkqyfczjnig7me5b7ez54jdw/bafkreid3hk5u7g3twv3swve7djxayeyyfuucldgwoamtz2s7vx4qpldww4/thumbnail.jpg,video,2026-09-29T23:03:24.976337+00:00
bluesky,https://bsky.app/profile/goodsuniteus.bsky.social/post/3lnjhbnevy22z,3lnjhbnevy22z,2025-04-24T00:29:23.159Z,Let us introduce you to Index Align! #politics,50,,1,,24,2,https://video.bsky.app/watch/did%3Aplc%3Adkqyfczjnig7me5b7ez54jdw/bafkreiam752vy6vtyjbeoph6l5psq5opie6aj3tmjszuuqu7sqpxqpsyku/thumbnail.jpg,video,2026-09-29T23:03:24.976337+00:00
bluesky,https://bsky.app/profile/goodsuniteus.bsky.social/post/3lndjqguk3k25,3lndjqguk3k25,2025-04-21T15:57:28.699Z,"Office politics…
#boycott #shop #politics",1,,0,,0,0,https://video.bsky.app/watch/did%3Aplc%3Adkqyfczjnig7me5b7ez54jdw/bafkreibpcmdw2g76kwvrbqgzvak35cfm7xaehuj5s3yxkyvmuhshxcrhs4/thumbnail.jpg,video,2026-09-29T23:03:24.976337+00:00
bluesky,https://bsky.app/profile/goodsuniteus.bsky.social/post/3lmfvctydus2s,3lmfvctydus2s,2025-04-09T21:04:45.448Z,#USPOL #boycott #shop,11,,2,,2,1,https://video.bsky.app/watch/did%3Aplc%3Adkqyfczjnig7me5b7ez54jdw/bafkreiawaosslt7gv6vjtjo7qnvbloi6rjccyyculpl2c6bmwcrstgfhnq/thumbnail.jpg,video,2026-09-29T23:03:24.976337+00:00
bluesky,https://bsky.app/profile/goodsuniteus.bsky.social/post/3llubiiueg22x,3llubiiueg22x,2025-04-02T20:54:44.716Z,"#politics #USPOL #shop
Surprise, surprise!
Get the goods on your favorite companies. Get the Goods Unite Us app.",8,,0,,2,0,https://video.bsky.app/watch/did%3Aplc%3Adkqyfczjnig7me5b7ez54jdw/bafkreib26mskfvhjetpns7mukrfwghzm7bxs37m43ej3rc74slnfc4snhi/thumbnail.jpg,video,2026-09-29T23:03:24.976337+00:00
bluesky,https://bsky.app/profile/goodsuniteus.bsky.social/post/3lli54cotys2c,3lli54cotys2c,2025-03-29T01:04:23.758Z,#politics #boycott,10,,0,,5,2,https://cdn.bsky.app/img/feed_fullsize/plain/did:plc:dkqyfczjnig7me5b7ez54jdw/bafkreicsmhuw5kzk2iotowmdzxbag73ekr7e674rqvc4mpuo2wj53uaksq,image,2026-09-29T23:03:24.976337+00:00
bluesky,https://bsky.app/profile/goodsuniteus.bsky.social/post/3lklo74nb2c2k,3lklo74nb2c2k,2025-03-17T17:22:59.286Z,Here’s a little info on our data. #politics #boycott #USPOL,12,,4,,1,1,https://video.bsky.app/watch/did%3Aplc%3Adkqyfczjnig7me5b7ez54jdw/bafkreidyfbwflawy64a2zohv7fxwsubv4ndopjylt4avemuenq326rirxq/thumbnail.jpg,video,2026-09-29T23:03:24.976337+00:00
bluesky,https://bsky.app/profile/goodsuniteus.bsky.social/post/3lkk74gunn22u,3lkk74gunn22u,2025-03-17T03:20:23.485Z,"Shop with purpose. Check your Goods Unite Us app.
#shop #boycott #politics",22,,0,,8,1,https://video.bsky.app/watch/did%3Aplc%3Adkqyfczjnig7me5b7ez54jdw/bafkreicxevcnttgfmgygj2molxza5zyg6y47a6er4pc4m7retj4nrocria/thumbnail.jpg,video,2026-09-29T23:03:24.976337+00:00
bluesky,https://bsky.app/profile/goodsuniteus.bsky.social/post/3lkgst4rpjs2a,3lkgst4rpjs2a,2025-03-15T19:02:26.790Z,Remember: this data is based on FEC-reported political contribution data over the last three election cycles. No DEI data or other corporate behavior. Just money in politics.,39,,9,,9,2,https://cdn.bsky.app/img/feed_fullsize/plain/did:plc:dkqyfczjnig7me5b7ez54jdw/bafkreic5tqmvbyyxk5aciyws6w7i7l4yyhz5hfxhy4m5mycpgtmzcahxjq,image,2026-09-29T23:03:24.976337+00:00
bluesky,https://bsky.app/profile/goodsuniteus.bsky.social/post/3lk33t4wex22l,3lk33t4wex22l,2025-03-11T03:11:33.765Z,#politics #boycott,22,,5,,8,2,https://video.bsky.app/watch/did%3Aplc%3Adkqyfczjnig7me5b7ez54jdw/bafkreidit635suyb74uz7m7d7kxmohinq4437jehzjb352flp7r26hsh4q/thumbnail.jpg,video,2026-09-29T23:03:24.976337+00:00
bluesky,https://bsky.app/profile/goodsuniteus.bsky.social/post/3ljolbolq522x,3ljolbolq522x,2025-03-06T03:43:31.576Z,,39,,1,,5,2,https://video.bsky.app/watch/did%3Aplc%3Adkqyfczjnig7me5b7ez54jdw/bafkreic4d7oojcxzxcm5jspy37kqp7rdfzxpy3qk5pg3hg225vioi7qpki/thumbnail.jpg,video,2026-09-29T23:03:24.976337+00:00
bluesky,https://bsky.app/profile/goodsuniteus.bsky.social/post/3lip5l4fhwk2m,3lip5l4fhwk2m,2025-02-21T15:45:43.762Z,Did you know that Ashley Furniture is a big donor to Donald Trump and Senator Ron Johnson? Now you know. Shop with purpose.,66,,4,,24,3,https://cdn.bsky.app/img/feed_fullsize/plain/did:plc:dkqyfczjnig7me5b7ez54jdw/bafkreiey7lqdoo3vxgwtcwryqzxi3nziytxpefg7ahjz7ji4wrawmmxfxy,image,2026-09-29T23:03:24.976337+00:00
bluesky,https://bsky.app/profile/goodsuniteus.bsky.social/post/3ligg3dcwns2w,3ligg3dcwns2w,2025-02-18T04:24:00.182Z,Check the Goods Unite Us app and find out. #USPOL,28,,2,,17,2,https://cdn.bsky.app/img/feed_fullsize/plain/did:plc:dkqyfczjnig7me5b7ez54jdw/bafkreiasv4ojmqxvwfnu6wllixjstes7s6kl4lyscv7ra3z7wrdkkyjsie,image,2026-09-29T23:03:24.976337+00:00
bluesky,https://bsky.app/profile/goodsuniteus.bsky.social/post/3lif6vikshk2a,3lif6vikshk2a,2025-02-17T16:42:48.429Z,Check your Goods Unite Us app and find out what’s happening downstream of your streaming!,17,,1,,5,1,https://video.bsky.app/watch/did%3Aplc%3Adkqyfczjnig7me5b7ez54jdw/bafkreihsfr2t5danqnnhv4t7enqgmjb6wvn2sak4mfkl4a74fsu5necuby/thumbnail.jpg,video,2026-09-29T23:03:24.976337+00:00
bluesky,https://bsky.app/profile/goodsuniteus.bsky.social/post/3li3dd2mre22k,3li3dd2mre22k,2025-02-13T18:35:21.159Z,,21,,2,,6,3,https://video.bsky.app/watch/did%3Aplc%3Adkqyfczjnig7me5b7ez54jdw/bafkreibmfdmasbrenuzpjf4dn6hrzbrhg4niiufsgek2cwrosfvf572aem/thumbnail.jpg,video,2026-09-29T23:03:24.976337+00:00
bluesky,https://bsky.app/profile/goodsuniteus.bsky.social/post/3lhhe52mvf22t,3lhhe52mvf22t,2025-02-05T19:56:38.811Z,"#USPOL
Goods Unite Us",41,,8,,18,8,https://video.bsky.app/watch/did%3Aplc%3Adkqyfczjnig7me5b7ez54jdw/bafkreifxm74law6tzpvlitf2g3zcar4kh67oswgtwzz2ikalydytwrgjoy/thumbnail.jpg,video,2026-09-29T23:03:24.976337+00:00
bluesky,https://bsky.app/profile/goodsuniteus.bsky.social/post/3lhbvpbklkc2t,3lhbvpbklkc2t,2025-02-03T15:55:05.229Z,#USPOL,38,,5,,13,6,https://cdn.bsky.app/img/feed_fullsize/plain/did:plc:dkqyfczjnig7me5b7ez54jdw/bafkreifmkqjbvni6upd5vb455nyby2akrluwws7nwmqb5vcp5vtykhjywi,image,2026-09-29T23:03:24.976337+00:00
bluesky,https://bsky.app/profile/goodsuniteus.bsky.social/post/3lgy7tgely22c,3lgy7tgely22c,2025-01-30T19:29:44.530Z,We need campaign finance reform…yesterday.,51,,3,,18,3,https://cdn.bsky.app/img/feed_fullsize/plain/did:plc:dkqyfczjnig7me5b7ez54jdw/bafkreigvzfmrfv4ihod6flxisfofswl7xb2q4i2tmtbjdjljfbjb7nddcu,image,2026-09-29T23:03:24.976337+00:00
bluesky,https://bsky.app/profile/goodsuniteus.bsky.social/post/3lgjb5hvsks25,3lgjb5hvsks25,2025-01-24T20:43:19.350Z,#USPOL,74,,2,,37,5,https://cdn.bsky.app/img/feed_fullsize/plain/did:plc:dkqyfczjnig7me5b7ez54jdw/bafkreigpbz7dxrqru46oizl5kwzxabkzm3nfswhmvj7ajjzos4iglzy5ye,image,2026-09-29T23:03:24.976337+00:00
bluesky,https://bsky.app/profile/goodsuniteus.bsky.social/post/3lgen4cvg4s2z,3lgen4cvg4s2z,2025-01-23T00:34:06.751Z,"#USPOL, #moneytalks
Check your Goods Unite Us app for more insights.",46,,2,,13,5,https://cdn.bsky.app/img/feed_fullsize/plain/did:plc:dkqyfczjnig7me5b7ez54jdw/bafkreifapqmoq75lcasqexgjyyjrib3ml37xo3isjv2bh5lg4fsb7dncgu,image,2026-09-29T23:03:24.976337+00:00
bluesky,https://bsky.app/profile/goodsuniteus.bsky.social/post/3lg7lcjx7mc2p,3lg7lcjx7mc2p,2025-01-21T00:18:29.300Z,#USPOL; #moneytalks,36,,6,,13,2,https://cdn.bsky.app/img/feed_fullsize/plain/did:plc:dkqyfczjnig7me5b7ez54jdw/bafkreihhgia2ye3nqpby3iq3cxlrf5shq662yuxb3lgibsxzad4fethdcu,image,2026-09-29T23:03:24.976337+00:00
bluesky,https://bsky.app/profile/goodsuniteus.bsky.social/post/3lfbufgrovs2s,3lfbufgrovs2s,2025-01-09T04:41:18.167Z,,18,,1,,3,0,https://cdn.bsky.app/img/feed_fullsize/plain/did:plc:dkqyfczjnig7me5b7ez54jdw/bafkreigtwzso4xhrdjpwhqevz67vft4ba55ghoyw4makt5topiwi6pdffq,image,2026-09-29T23:03:24.976337+00:00
bluesky,https://bsky.app/profile/goodsuniteus.bsky.social/post/3lf6b3btiic2e,3lf6b3btiic2e,2025-01-07T18:17:37.129Z,"Check the app for new political contribution data! 
#USPOL, #moneytalks",41,,3,,14,4,https://cdn.bsky.app/img/feed_fullsize/plain/did:plc:dkqyfczjnig7me5b7ez54jdw/bafkreigahj3pdodzhaogngxvjzzssfifpsfdjgfksylrqdr3uh5pzbbkdm,image,2026-09-29T23:03:24.976337+00:00
bluesky,https://bsky.app/profile/goodsuniteus.bsky.social/post/3lf4mfbebjk23,3lf4mfbebjk23,2025-01-07T02:34:43.856Z,"Four years ago, after January 6, 2021, many companies pledged not to contribute money to the Republican lawmakers who voted not to certify the election. AT&T was one of them. But, soon after making that pledge, AT&T broke it by donating hundreds of thousands of dollars to those same lawmakers.",45,,2,,16,2,https://cdn.bsky.app/img/feed_fullsize/plain/did:plc:dkqyfczjnig7me5b7ez54jdw/bafkreicm33au3uhbychqvtcdhrdscl5j5phwewnqfpmw6b7mrsibb7veoe,image,2026-09-29T23:03:24.976337+00:00
bluesky,https://bsky.app/profile/goodsuniteus.bsky.social/post/3lepmd55nks2l,3lepmd55nks2l,2025-01-01T22:28:55.735Z,"Happy New Year! In 2025 it is going to be particularly important to know how our consumer and investment dollars are affecting elections. #resist, #USPOL, #moneytalks, #resolutions",19,,0,,10,5,https://cdn.bsky.app/img/feed_fullsize/plain/did:plc:dkqyfczjnig7me5b7ez54jdw/bafkreicsfrillgcxzfczti76nl22sb523q6gnfxwtmyn4whbrsxx7fhvmy,image,2026-09-29T23:03:24.976337+00:00
bluesky,https://bsky.app/profile/goodsuniteus.bsky.social/post/3lekjeqq5cc2z,3lekjeqq5cc2z,2024-12-30T21:52:49.906Z,"Be a good sport, shop with purpose. Check your Goods Unite Us app! #resist, #USPOL, #moneytalks, #resolutions",22,,2,,11,1,https://cdn.bsky.app/img/feed_fullsize/plain/did:plc:dkqyfczjnig7me5b7ez54jdw/bafkreiczuidety57vngjuvdyvs42lxzafb2ck3gxz4wvssijaw2ewvseyi,image,2026-09-29T23:03:24.976337+00:00
bluesky,https://bsky.app/profile/goodsuniteus.bsky.social/post/3leetdez2r22p,3leetdez2r22p,2024-12-28T15:35:03.050Z,"We just passed the one million downloads mark! We are so grateful to all of you. Now let’s keep it going! Shop with purpose, shop with power. #moneytalks, #USPOL, #resist, #resolutions",27,,2,,9,5,https://cdn.bsky.app/img/feed_fullsize/plain/did:plc:dkqyfczjnig7me5b7ez54jdw/bafkreibexy5vjjuvsdlqm64sporezpgzk4ylelcmv3clmh3nnl3v6vs6cm,image,2026-09-29T23:03:24.976337+00:00
bluesky,https://bsky.app/profile/goodsuniteus.bsky.social/post/3le5k3nwmvc22,3le5k3nwmvc22,2024-12-25T18:01:02.127Z,"#holiday, #moneytalks, #USPOL",10,,1,,0,0,https://cdn.bsky.app/img/feed_fullsize/plain/did:plc:dkqyfczjnig7me5b7ez54jdw/bafkreighyl6v6zigonqz4hewjuwf44sbzn64e2r6hio76hhmpqt6d3zl74,image,2026-09-29T23:03:24.976337+00:00
bluesky,https://bsky.app/profile/goodsuniteus.bsky.social/post/3le5d4oqs5222,3le5d4oqs5222,2024-12-25T15:56:20.349Z,www.wsj.com/business/tru...,10,,0,,5,1,,external_link,2026-09-29T23:03:24.976337+00:00
bluesky,https://bsky.app/profile/goodsuniteus.bsky.social/post/3le3wgpexfs27,3le3wgpexfs27,2024-12-25T02:36:38.168Z,,7,,0,,1,0,https://cdn.bsky.app/img/feed_fullsize/plain/did:plc:dkqyfczjnig7me5b7ez54jdw/bafkreihjynvg7ui3a5xhb67j2kvcdtofnbdfikew26oslwt2ny6pn3uy2i,image,2026-09-29T23:03:24.976337+00:00
bluesky,https://bsky.app/profile/goodsuniteus.bsky.social/post/3ldzmlguy4227,3ldzmlguy4227,2024-12-24T04:35:00.133Z,"#carpolitics, #USPOL, #moneytalks
Shop with purpose. Check the Goods Unite Us app!",9,,0,,4,3,https://cdn.bsky.app/img/feed_fullsize/plain/did:plc:dkqyfczjnig7me5b7ez54jdw/bafkreidsmrcnflrttd3e23pzdmj4jhewqu5cwyfu5gtyldwuv3uzksp2na,image,2026-09-29T23:03:24.976337+00:00
bluesky,https://bsky.app/profile/goodsuniteus.bsky.social/post/3ldyo7qxgek27,3ldyo7qxgek27,2024-12-23T19:31:35.793Z,"#USPOL, #moneytalks, #holiday
Shop with purpose.",9,,0,,2,1,https://cdn.bsky.app/img/feed_fullsize/plain/did:plc:dkqyfczjnig7me5b7ez54jdw/bafkreibo4oivtmtk6qbsdohnqtpjhlmdzuw7mnhoewa5ffiu6p4xff3dya,image,2026-09-29T23:03:24.976337+00:00
bluesky,https://bsky.app/profile/goodsuniteus.bsky.social/post/3ldu4zck4ps27,3ldu4zck4ps27,2024-12-22T00:13:06.779Z,Don’t get snowed by your winter gear. Shop with purpose.,2,,0,,1,1,https://cdn.bsky.app/img/feed_fullsize/plain/did:plc:dkqyfczjnig7me5b7ez54jdw/bafkreidtv2mqc7wvoqlml4qh6fyftuyujhdpi4zeo4acika4pjr67dzeyu,image,2026-09-29T23:03:24.976337+00:00
bluesky,https://bsky.app/profile/goodsuniteus.bsky.social/post/3ldorwtoaxc2r,3ldorwtoaxc2r,2024-12-19T21:11:34.232Z,Get our app and shop with purpose. #goodsuniteus; #holidays; #shopping; #USPOL,6,,0,,1,2,https://cdn.bsky.app/img/feed_fullsize/plain/did:plc:dkqyfczjnig7me5b7ez54jdw/bafkreibq77rojtldjwly7psmvax7gjb6toshtx3vwrqabwzyumab5celcu,image,2026-09-29T23:03:24.976337+00:00
bluesky,https://bsky.app/profile/goodsuniteus.bsky.social/post/3ldkixnltps2r,3ldkixnltps2r,2024-12-18T04:20:18.787Z,No surprises here…,2,,0,,3,1,https://cdn.bsky.app/img/feed_fullsize/plain/did:plc:dkqyfczjnig7me5b7ez54jdw/bafkreia6jc2bn6htwpe5idhdbrrh4pj2ipxd3wrzythyraavudom26sof4,image,2026-09-29T23:03:24.976337+00:00
bluesky,https://bsky.app/profile/goodsuniteus.bsky.social/post/3ldgmxvztk22l,3ldgmxvztk22l,2024-12-16T15:21:23.647Z,"#USPOL
#cocktails
#vote
#holiday
#moneytalks",3,,1,,1,1,https://cdn.bsky.app/img/feed_fullsize/plain/did:plc:dkqyfczjnig7me5b7ez54jdw/bafkreibbc62xe7nnrpsqs3uoernnbhyviwodww3k4flju3imgbds26inhm,image,2026-09-29T23:03:24.976337+00:00
bluesky,https://bsky.app/profile/goodsuniteus.bsky.social/post/3ld7dmimlws23,3ld7dmimlws23,2024-12-13T17:45:18.640Z,Shares of JP Morgan have seen significant growth since the election despite the company’s politics.,0,,0,,1,1,https://video.bsky.app/watch/did%3Aplc%3Adkqyfczjnig7me5b7ez54jdw/bafkreiazahxvojb4lz2fd4ncsc3vgem4jpl7cvp2v6fedmwz67fvqunnxi/thumbnail.jpg,video,2026-09-29T23:03:24.976337+00:00
bluesky,https://bsky.app/profile/goodsuniteus.bsky.social/post/3ld5rjkjzbc2s,3ld5rjkjzbc2s,2024-12-13T02:48:52.894Z,"The health insurance industry makes billions of dollars in profits, which enables it to pump huge sums of private money into politics. Find out where that money is going with the Goods Unite Us app!",2,,0,,1,1,https://cdn.bsky.app/img/feed_fullsize/plain/did:plc:dkqyfczjnig7me5b7ez54jdw/bafkreidgfr2eglv665u6vt5guzy4xioxflaboegks5xoqtm3bdmeuctkxa,image,2026-09-29T23:03:24.976337+00:00
bluesky,https://bsky.app/profile/goodsuniteus.bsky.social/post/3ld4schcwyk2w,3ld4schcwyk2w,2024-12-12T17:30:08.640Z,"#USPOL
#healthinsurance
#health
#insurance
#moneyvotes",4,,0,,2,1,https://cdn.bsky.app/img/feed_fullsize/plain/did:plc:dkqyfczjnig7me5b7ez54jdw/bafkreidnxfz42bkvaigezgryk2foo5pwhppprmnvej2ezihcmltk5qwaym,image,2026-09-29T23:03:24.976337+00:00
bluesky,https://bsky.app/profile/goodsuniteus.bsky.social/post/3ld2ic6xq6s2b,3ld2ic6xq6s2b,2024-12-11T19:25:42.989Z,"#vacation
#USPOL",2,,3,,1,1,https://cdn.bsky.app/img/feed_fullsize/plain/did:plc:dkqyfczjnig7me5b7ez54jdw/bafkreie43yzafzud43nnjmxiw4x2zhuvwid6xdd3inxa5gcmtzgpbq3ccu,image,2026-09-29T23:03:24.976337+00:00
bluesky,https://bsky.app/profile/goodsuniteus.bsky.social/post/3lcy6slhrz22w,3lcy6slhrz22w,2024-12-10T21:30:36.077Z,"#USPOL
#banking
#vote",0,,0,,2,1,https://video.bsky.app/watch/did%3Aplc%3Adkqyfczjnig7me5b7ez54jdw/bafkreihet36hnba7mlz7nlh5fig56id2avfs3yk4lcbtn3zdlwlyttl5jy/thumbnail.jpg,video,2026-09-29T23:03:24.976337+00:00
bluesky,https://bsky.app/profile/goodsuniteus.bsky.social/post/3lcy64uwjys22,3lcy64uwjys22,2024-12-10T21:18:27.799Z,#USPOL,1,,1,,1,1,https://cdn.bsky.app/img/feed_fullsize/plain/did:plc:dkqyfczjnig7me5b7ez54jdw/bafkreig6bl6k2bsv5okr56s3x4tkjdnslea4qkmvtooyjgdadkli522bim,image,2026-09-29T23:03:24.976337+00:00
bluesky,https://bsky.app/profile/goodsuniteus.bsky.social/post/3lcy636kxyc22,3lcy636kxyc22,2024-12-10T21:17:30.794Z,,4,,0,,2,1,https://cdn.bsky.app/img/feed_fullsize/plain/did:plc:dkqyfczjnig7me5b7ez54jdw/bafkreifdkirupdjdxznp6lfyo2eg73vqhoqgsybxdds2gpofzoqirz5qny,image,2026-09-29T23:03:24.976337+00:00
bluesky,https://bsky.app/profile/goodsuniteus.bsky.social/post/3lctqlaeros2y,3lctqlaeros2y,2024-12-09T03:05:18.217Z,,4,,0,,1,1,https://cdn.bsky.app/img/feed_fullsize/plain/did:plc:dkqyfczjnig7me5b7ez54jdw/bafkreifyk4ga4hhrjzppp6wi7xztk26lji3bmaqh3v4hi4qb5ngwk7pdte,image,2026-09-29T23:03:24.976337+00:00
bluesky,https://bsky.app/profile/goodsuniteus.bsky.social/post/3lchcps73vs2c,3lchcps73vs2c,2024-12-04T04:25:21.882Z,#USPOL,1,,0,,1,1,https://cdn.bsky.app/img/feed_fullsize/plain/did:plc:dkqyfczjnig7me5b7ez54jdw/bafkreicrv6hi5hxa2r2ld4fhjy5owvymvn6reyfhhvajbc2cvcaobrh6fm,image,2026-09-29T23:03:24.976337+00:00
bluesky,https://bsky.app/profile/goodsuniteus.bsky.social/post/3lce3wcgvxs2t,3lce3wcgvxs2t,2024-12-02T21:45:44.833Z,,1,,0,,1,0,https://cdn.bsky.app/img/feed_fullsize/plain/did:plc:dkqyfczjnig7me5b7ez54jdw/bafkreianapf7ginc2e5tcyhjv5jxmokcds7u7kqij6bq4u3dmz4e4jexma,image,2026-09-29T23:03:24.976337+00:00
bluesky,https://bsky.app/profile/goodsuniteus.bsky.social/post/3lcccjfgccc2z,3lcccjfgccc2z,2024-12-02T04:38:28.468Z,#cybermonday,3,,0,,0,0,https://cdn.bsky.app/img/feed_fullsize/plain/did:plc:dkqyfczjnig7me5b7ez54jdw/bafkreihfwultogprtcubiufao2djbtpqburj5z3imlpntm4q3kzpp5r6wa,image,2026-09-29T23:03:24.976337+00:00
bluesky,https://bsky.app/profile/goodsuniteus.bsky.social/post/3lcbyid7xy22k,3lcbyid7xy22k,2024-12-02T01:38:55.193Z,youtu.be/XVV3x_ysFxk?...,4,,0,,1,1,,external_link,2026-09-29T23:03:24.976337+00:00
bluesky,https://bsky.app/profile/goodsuniteus.bsky.social/post/3lc72usma722p,3lc72usma722p,2024-11-30T21:43:42.242Z,#USPOL,1,,0,,1,0,https://cdn.bsky.app/img/feed_fullsize/plain/did:plc:dkqyfczjnig7me5b7ez54jdw/bafkreibh5sfrgcg7ehmdlegoosl3tfqfgbkiiijvo53rhchbwrd3ptlnga,image,2026-09-29T23:03:24.976337+00:00
bluesky,https://bsky.app/profile/goodsuniteus.bsky.social/post/3lc4hof6zsk2y,3lc4hof6zsk2y,2024-11-29T20:54:46.280Z,#blackfriday,0,,0,,1,0,https://cdn.bsky.app/img/feed_fullsize/plain/did:plc:dkqyfczjnig7me5b7ez54jdw/bafkreicltcwfyv4igkdjxw5maszzy2va23gzgeemt6pmpkpsae34r6yvoy,image,2026-09-29T23:03:24.976337+00:00
bluesky,https://bsky.app/profile/goodsuniteus.bsky.social/post/3lc4cjhmars2o,3lc4cjhmars2o,2024-11-29T19:22:32.329Z,,0,,1,,0,0,https://cdn.bsky.app/img/feed_fullsize/plain/did:plc:dkqyfczjnig7me5b7ez54jdw/bafkreicltcwfyv4igkdjxw5maszzy2va23gzgeemt6pmpkpsae34r6yvoy,image,2026-09-29T23:03:24.976337+00:00
bluesky,https://bsky.app/profile/goodsuniteus.bsky.social/post/3lc464grja22o,3lc464grja22o,2024-11-29T18:03:40.280Z,www.goodsuniteus.com/2024/11/29/h...,1,,1,,1,0,,external_link,2026-09-29T23:03:24.976337+00:00
bluesky,https://bsky.app/profile/goodsuniteus.bsky.social/post/3lbsewckmdk2l,3lbsewckmdk2l,2024-11-25T20:38:53.341Z,"No surprises here!
#USPOL",0,,0,,1,0,https://cdn.bsky.app/img/feed_fullsize/plain/did:plc:dkqyfczjnig7me5b7ez54jdw/bafkreicxmuw2jr7yhxnijdjbvm4xg226r64a4tsm5gqkzcg4aauqvhm6km,image,2026-09-29T23:03:24.976337+00:00
bluesky,https://bsky.app/profile/goodsuniteus.bsky.social/post/3lbsbjkm4ns2l,3lbsbjkm4ns2l,2024-11-25T19:38:04.348Z,"As the Goods research team updates our site with the new FEC data, it’s no surprise that Tesla went from blue to dark red! Download the free Goods Unite Us app and see more!",0,,2,,2,0,https://cdn.bsky.app/img/feed_fullsize/plain/did:plc:dkqyfczjnig7me5b7ez54jdw/bafkreifmgp74xaefr6fgsuwmhnl7ji4puji64wqfdple455lrjtfv5l5la,image,2026-09-29T23:03:24.976337+00:00
bluesky,https://bsky.app/profile/goodsuniteus.bsky.social/post/3lbiqtz32552r,3lbiqtz32552r,2024-11-22T00:45:43.802Z,Download our app and start putting your money where your vote is.,1,,0,,1,0,https://cdn.bsky.app/img/feed_fullsize/plain/did:plc:dkqyfczjnig7me5b7ez54jdw/bafkreia37ecucbvhvkiox7b7udgvgblzml4eaxxpescwcazbknloelfq4q,image,2026-09-29T23:03:24.976337+00:00
