platform,source_url,post_text,text_length
instagram,https://www.instagram.com/goodsuniteus/?hl=en,"Instagram profile loaded, but recent post captions were not exposed in scrape text.",83
threads,https://www.threads.com/@goodsuniteus?hl=en,"BREAKING: Reid Hoffman gave $10,000,000 on June 30 to Lone Star Rising PAC, a Democratic super PAC backing James Talarico. See where LinkedIn's money goes at goodsuniteus.com/compa…",181
threads,https://www.threads.com/@goodsuniteus?hl=en,"BREAKING: Michael Bloomberg gave $2,500,000 on July 28 to 314 Action Fund, a Democratic hybrid PAC. See where Bloomberg LP's money goes at goodsuniteus.com/compa…",162
threads,https://www.threads.com/@goodsuniteus?hl=en,See how Johnson & Johnson feels about Union Support. Download the free app to see more. goodsuniteus.com/issue…,111
threads,https://www.threads.com/@goodsuniteus?hl=en,See where Jon Ossoff stands on Immigrant Rights. Download the free app to see more. goodsuniteus.com/polit…,107
x,https://x.com/goodsuniteus,"Jul 26: The Democrat focused fund we started (DEMZ) got a shoutout in the @nytimes on Friday! @jeffsommer wrote about how DEMZ has been kicking the shirts off of the MAGA fund, Trump Media, Elon’s companies, and even the market since Trump got reelected in 2024. We don’t love the title Show more Politics Is Everywhere. It Probably Shouldn’t Be Part of Your Investing. (Gift Article) From nytimes.com",401
x,https://x.com/goodsuniteus,"3h: BREAKING: Reid Hoffman gave $10,000,000 on June 30 to Lone Star Rising PAC, a Democratic super PAC backing James Talarico. See where LinkedIn's money goes at App - Goods Unite Us From goodsuniteus.com",204
x,https://x.com/goodsuniteus,"19h: BREAKING: Michael Bloomberg gave $2,500,000 on July 28 to 314 Action Fund, a Democratic hybrid PAC. See where Bloomberg LP's money goes at App - Goods Unite Us From goodsuniteus.com",186
x,https://x.com/goodsuniteus,Sep 28: See how Johnson & Johnson feels about Social Security & Medicare Expansion. goodsuniteus.com/issues/-LX7m60…,116
x,https://x.com/goodsuniteus,Sep 25: See where Jon Ossoff stands on Gun Control. goodsuniteus.com/politician/-La…,84
bluesky,https://bsky.app/profile/goodsuniteus.bsky.social,"3 Std. BREAKING: Reid Hoffman gave $10,000,000 on June 30 to Lone Star Rising PAC, a Democratic super PAC backing James Talarico. See where LinkedIn's money goes at goodsuniteus.com/company/-LX7... 2",199
bluesky,https://bsky.app/profile/goodsuniteus.bsky.social,"19 Std. BREAKING: Michael Bloomberg gave $2,500,000 on July 28 to 314 Action Fund, a Democratic hybrid PAC. See where Bloomberg LP's money goes at goodsuniteus.com/company/-LX7...",179
bluesky,https://bsky.app/profile/goodsuniteus.bsky.social,1 T See how Johnson & Johnson feels about Raising Minimum Wage. Download the free app to see more. www.goodsuniteus.com/issues/-LX7m... ALT,139
bluesky,https://bsky.app/profile/goodsuniteus.bsky.social,4 T See where Jon Ossoff stands on LGBTQ Rights. Download the free app to see more. www.goodsuniteus.com/politician/-... ALT,124
bluesky,https://bsky.app/profile/goodsuniteus.bsky.social,"7 T BREAKING: Marc Andreessen gave $3,167 to First in Freedom PAC, a Republican leadership PAC. See where Coinbase's money goes at goodsuniteus.com/company/-NM0... 3 4",167
bluesky,https://bsky.app/profile/goodsuniteus.bsky.social,8 T See how Procter & Gamble feels about Environment Regulations & Renewable Energy Spending. Download the free app to see more. www.goodsuniteus.com/issues/-LX7m... ALT 3,171
bluesky,https://bsky.app/profile/goodsuniteus.bsky.social,"11 T BREAKING: Miriam Adelson gave $7,000 to South Dakota Values PAC, a Republican super PAC backing Marty Jackley. See where Las Vegas Sands' money goes at goodsuniteus.com/company/-LX7... 1",191
bluesky,https://bsky.app/profile/goodsuniteus.bsky.social,11 T See where Laura Gillen stands on Gun Control. Download the free app to see more. www.goodsuniteus.com/politician/-... ALT 1 1,130
bluesky,https://bsky.app/profile/goodsuniteus.bsky.social,15 T See how Progressive feels about Abortion & Reproductive Rights. www.goodsuniteus.com/issues/-LX7m... ALT 1 4,113
bluesky,https://bsky.app/profile/goodsuniteus.bsky.social,15 T See how Progressive feels about Education Spending. www.goodsuniteus.com/issues/-LX7m... 3,95
bluesky,https://bsky.app/profile/goodsuniteus.bsky.social,18 T See where Dave Min stands on Gun Control. www.goodsuniteus.com/politician/-... 1 1,87
bluesky,https://bsky.app/profile/goodsuniteus.bsky.social,22 T See how Home Depot feels about Israel. www.goodsuniteus.com/issues/-LX7m... 1,82
bluesky,https://bsky.app/profile/goodsuniteus.bsky.social,25 T See where Yevgeny Vindman stands on Social Security & Medicare Expansion. www.goodsuniteus.com/politician/-... Repostet von GoodsUniteUs Lynn G @ladygee.bsky.social · 29 T Antwort an Centurion There is a great resource check out @goodsuniteus.bsky.social 1 3,263
bluesky,https://bsky.app/profile/goodsuniteus.bsky.social,29 T See how Airbnb feels about Israel. www.goodsuniteus.com/issues/-LX7m... 1,78
bluesky,https://bsky.app/profile/goodsuniteus.bsky.social,1Mo See where Janelle Bynum stands on Gun Control. www.goodsuniteus.com/politician/-...,87
bluesky,https://bsky.app/profile/goodsuniteus.bsky.social,1Mo See where DELIA RAMIREZ stands on Gun Control. www.goodsuniteus.com/politician/-... 1,89
bluesky,https://bsky.app/profile/goodsuniteus.bsky.social,1Mo See how Adobe Systems feels about Social Security & Medicare Expansion. www.goodsuniteus.com/issues/-LX7m... 3 Repostet von GoodsUniteUs Lynn G @ladygee.bsky.social · 1Mo Antwort an Deb I'm finding there are A LOT of things I do not miss at all in this era @goodsuniteus.bsky.social is my guide 1 1,302
bluesky,https://bsky.app/profile/goodsuniteus.bsky.social,1Mo See where DELIA RAMIREZ stands on Social Security & Medicare Expansion. www.goodsuniteus.com/politician/-... 1,114
bluesky,https://bsky.app/profile/goodsuniteus.bsky.social,1Mo See how Alphabet Inc. feels about Workplace Safety. www.goodsuniteus.com/issues/-LX7m... 1,94
bluesky,https://bsky.app/profile/goodsuniteus.bsky.social,1Mo See where Josh Riley stands on Gun Control. www.goodsuniteus.com/politician/-... 1 1,88
bluesky,https://bsky.app/profile/goodsuniteus.bsky.social,1Mo See how Best Buy feels about Universal Healthcare. www.goodsuniteus.com/issues/-LX7m... 2 3,95
bluesky,https://bsky.app/profile/goodsuniteus.bsky.social,1Mo See where Pramila Jayapal stands on Immigrant Rights. www.goodsuniteus.com/politician/-...,94
bluesky,https://bsky.app/profile/goodsuniteus.bsky.social,1Mo See where Sara Jacobs stands on Abortion & Reproductive Rights. www.goodsuniteus.com/politician/-... 1 1,108
bluesky,https://bsky.app/profile/goodsuniteus.bsky.social,1Mo See how Abercrombie & Fitch feels about Defense Spending. www.goodsuniteus.com/issues/-LX7m...,98
bluesky,https://bsky.app/profile/goodsuniteus.bsky.social,1Mo See how Abercrombie & Fitch feels about Gun Control. www.goodsuniteus.com/issues/-LX7m... 1 Repostet von GoodsUniteUs Vickie @vickies6320.bsky.social · 2Mo Antwort an Johnathan Perkins I do not. I don't do legacy media. I stick to the boycotts. You can find the list on @goodsuniteus.bsky.social 2 2,303
bluesky,https://bsky.app/profile/goodsuniteus.bsky.social,2Mo See where Sara Jacobs stands on Support for DEI. www.goodsuniteus.com/politician/-... 1,91
bluesky,https://bsky.app/profile/goodsuniteus.bsky.social,2Mo See where Sara Jacobs stands on Union Support. www.goodsuniteus.com/politician/-... 1,89
bluesky,https://bsky.app/profile/goodsuniteus.bsky.social,2Mo See how Macy's feels about Raising Minimum Wage. www.goodsuniteus.com/issues/-LX7m... 1,91
bluesky,https://bsky.app/profile/goodsuniteus.bsky.social,2Mo See where Ro Khanna stands on Immigrant Rights. www.goodsuniteus.com/politician/-... 2,90
bluesky,https://bsky.app/profile/goodsuniteus.bsky.social,2Mo See how Walmart feels about LGBTQ Rights. www.goodsuniteus.com/issues/-LX7m... 4,84
bluesky,https://bsky.app/profile/goodsuniteus.bsky.social,25. Sept. 2025 1 7 8,20
bluesky,https://bsky.app/profile/goodsuniteus.bsky.social,22. Sept. 2025 #disney #goodsuniteus #shop #vote 6 16,53
bluesky,https://bsky.app/profile/goodsuniteus.bsky.social,27. Juni 2025 We need to take back our elections from corporations and special interests. Vote with your wallet. #politics #campaignfinancereform #goodsuniteus 4 18 24,167
bluesky,https://bsky.app/profile/goodsuniteus.bsky.social,24. Juni 2025 #goodsuniteus #campaignfinancereform #politics 2 21 68,68
bluesky,https://bsky.app/profile/goodsuniteus.bsky.social,21. Juni 2025 It’s time to talk campaign finance reform. #goodsuniteus #campaignfinancereform 3 8,97
bluesky,https://bsky.app/profile/goodsuniteus.bsky.social,7. Juni 2025 Citi’s political contributions have gone primarily to politicians that do not support LGBTQ+ rights. #pride 1 6 14,127
bluesky,https://bsky.app/profile/goodsuniteus.bsky.social,"6. Juni 2025 While Dick’s has contributed to both sides, the politicians it funds support LGBTQ+ rights. #USPOL 1 4 15",118
bluesky,https://bsky.app/profile/goodsuniteus.bsky.social,4. Juni 2025 #pride 6,21
bluesky,https://bsky.app/profile/goodsuniteus.bsky.social,4. Juni 2025 #pride 1 2 7,25
bluesky,https://bsky.app/profile/goodsuniteus.bsky.social,"2. Juni 2025 In honor of pride month, we are calling out brands and companies on how their political contributions affect LGBTQ+ rights. #USPOL 4 7",147
bluesky,https://bsky.app/profile/goodsuniteus.bsky.social,26. Mai 2025 #politics #goodsuniteus 2 13,41
bluesky,https://bsky.app/profile/goodsuniteus.bsky.social,17. Mai 2025 #kroger #politics #moneyinpolitics 3 2 5,53
bluesky,https://bsky.app/profile/goodsuniteus.bsky.social,5. Mai 2025 #USPOL 4 7,22
bluesky,https://bsky.app/profile/goodsuniteus.bsky.social,24. Apr. 2025 Let us introduce you to Index Align! #politics 1 26 50,68
bluesky,https://bsky.app/profile/goodsuniteus.bsky.social,21. Apr. 2025 Office politics… #boycott #shop #politics 1,57
bluesky,https://bsky.app/profile/goodsuniteus.bsky.social,9. Apr. 2025 #USPOL #boycott #shop 2 3 11 An der Konversation teilnehmen Account erstellen Einloggen Deutsch – German Datenschutz ∙ Bedingungen ∙ Hilfe Profile GoodsUniteUs goodsuniteus.bsky.social did:plc:dkqyfczjnig7me5b7ez54jdw We are a political data company that sheds light on corporate money in politics. Download our free app! www.goodsuniteus.com Enable JavaScript to use Bluesky. Learn more about Bluesky at bsky.social and atproto.com .,447
