platform,post_url,post_id
instagram,https://www.instagram.com/p/Dd1YH69nSyj,Dd1YH69nSyj
instagram,https://www.instagram.com/p/Ddtpr-Tl2lf,Ddtpr-Tl2lf
instagram,https://www.instagram.com/p/DdjoOK_IKv0,DdjoOK_IKv0
instagram,https://www.instagram.com/p/DdjWf8kDaHC,DdjWf8kDaHC
instagram,https://www.instagram.com/p/Ddb_ua-DzEL,Ddb_ua-DzEL
instagram,https://www.instagram.com/p/DdR8FZqlM-2,DdR8FZqlM-2
instagram,https://www.instagram.com/p/Dc9P8ISgV06,Dc9P8ISgV06
instagram,https://www.instagram.com/p/DcljdezIDrd,DcljdezIDrd
instagram,https://www.instagram.com/p/Dcbd61QIaAh,Dcbd61QIaAh
instagram,https://www.instagram.com/p/DcbQQGfoIfI,DcbQQGfoIfI
instagram,https://www.instagram.com/p/DcTh5dsnGGa,DcTh5dsnGGa
instagram,https://www.instagram.com/p/DcJpsZLo_ev,DcJpsZLo_ev
threads,https://www.threads.com/@goodsuniteus/post/Dd4eFB3HzKK,Dd4eFB3HzKK
threads,https://www.threads.com/@goodsuniteus/post/Dd2u1KKEbEi,Dd2u1KKEbEi
threads,https://www.threads.com/@goodsuniteus/post/Dd1YGmvIPOf,Dd1YGmvIPOf
threads,https://www.threads.com/@goodsuniteus/post/DdtprihloGB,DdtprihloGB
x,https://x.com/goodsuniteus/status/2081544302136578360,2081544302136578360
x,https://x.com/goodsuniteus/status/2105011079323533414,2105011079323533414
x,https://x.com/goodsuniteus/status/2104766444588191955,2104766444588191955
x,https://x.com/goodsuniteus/status/2104575728767398361,2104575728767398361
x,https://x.com/goodsuniteus/status/2103488499156406699,2103488499156406699
bluesky,https://bsky.app/profile/goodsuniteus.bsky.social/post/3mwojirmlmw27,3mwojirmlmw27
bluesky,https://bsky.app/profile/goodsuniteus.bsky.social/post/3mwmt6su6dj2y,3mwmt6su6dj2y
bluesky,https://bsky.app/profile/goodsuniteus.bsky.social/post/3mwlitovds522,3mwlitovds522
bluesky,https://bsky.app/profile/goodsuniteus.bsky.social/post/3mwdxg7ybu627,3mwdxg7ybu627
bluesky,https://bsky.app/profile/goodsuniteus.bsky.social/post/3mw4ysbkoak2l,3mw4ysbkoak2l
bluesky,https://bsky.app/profile/goodsuniteus.bsky.social/post/3mvzvkonbee2a,3mvzvkonbee2a
bluesky,https://bsky.app/profile/goodsuniteus.bsky.social/post/3mvt2ytsvmo2a,3mvt2ytsvmo2a
bluesky,https://bsky.app/profile/goodsuniteus.bsky.social/post/3mvspqrl3lz26,3mvspqrl3lz26
bluesky,https://bsky.app/profile/goodsuniteus.bsky.social/post/3mvivjaf7aw2a,3mvivjaf7aw2a
bluesky,https://bsky.app/profile/goodsuniteus.bsky.social/post/3mviccrfs6y2a,3mviccrfs6y2a
bluesky,https://bsky.app/profile/goodsuniteus.bsky.social/post/3mvaqvyuz4r24,3mvaqvyuz4r24
bluesky,https://bsky.app/profile/goodsuniteus.bsky.social/post/3muwozmighy2g,3muwozmighy2g
bluesky,https://bsky.app/profile/goodsuniteus.bsky.social/post/3mup5n7x4ni2x,3mup5n7x4ni2x
bluesky,https://bsky.app/profile/goodsuniteus.bsky.social/post/3muf3reo63p2y,3muf3reo63p2y
bluesky,https://bsky.app/profile/goodsuniteus.bsky.social/post/3mu5kesjer722,3mu5kesjer722
bluesky,https://bsky.app/profile/goodsuniteus.bsky.social/post/3mttliir2ei23,3mttliir2ei23
bluesky,https://bsky.app/profile/goodsuniteus.bsky.social/post/3mttlifhqaq23,3mttlifhqaq23
bluesky,https://bsky.app/profile/goodsuniteus.bsky.social/post/3mtlx4fq3sv2h,3mtlx4fq3sv2h
bluesky,https://bsky.app/profile/goodsuniteus.bsky.social/post/3mtbvad4gmn2y,3mtbvad4gmn2y
bluesky,https://bsky.app/profile/goodsuniteus.bsky.social/post/3mt2du4wevs26,3mt2du4wevs26
bluesky,https://bsky.app/profile/goodsuniteus.bsky.social/post/3msqbyft25b2k,3msqbyft25b2k
bluesky,https://bsky.app/profile/goodsuniteus.bsky.social/post/3msiql4ezm627,3msiql4ezm627
bluesky,https://bsky.app/profile/goodsuniteus.bsky.social/post/3ms72yluofx2z,3ms72yluofx2z
bluesky,https://bsky.app/profile/goodsuniteus.bsky.social/post/3ms72yhpndz2p,3ms72yhpndz2p
bluesky,https://bsky.app/profile/goodsuniteus.bsky.social/post/3ms6opr6aqz24,3ms6opr6aqz24
bluesky,https://bsky.app/profile/goodsuniteus.bsky.social/post/3mrxam55omp24,3mrxam55omp24
bluesky,https://bsky.app/profile/goodsuniteus.bsky.social/post/3mrx5cmdya22s,3mrx5cmdya22s
bluesky,https://bsky.app/profile/goodsuniteus.bsky.social/post/3mrn3gv2xdw2v,3mrn3gv2xdw2v
bluesky,https://bsky.app/profile/goodsuniteus.bsky.social/post/3mrfk22uvjn27,3mrfk22uvjn27
bluesky,https://bsky.app/profile/goodsuniteus.bsky.social/post/3mrbz6vba272g,3mrbz6vba272g
bluesky,https://bsky.app/profile/goodsuniteus.bsky.social/post/3lzo6rjnlxk2r,3lzo6rjnlxk2r
bluesky,https://bsky.app/profile/goodsuniteus.bsky.social/post/3lzgspieksk2n,3lzgspieksk2n
bluesky,https://bsky.app/profile/goodsuniteus.bsky.social/post/3lsmn5mnjqc24,3lsmn5mnjqc24
bluesky,https://bsky.app/profile/goodsuniteus.bsky.social/post/3lscqome4t22b,3lscqome4t22b
bluesky,https://bsky.app/profile/goodsuniteus.bsky.social/post/3ls4qwphww22h,3ls4qwphww22h
bluesky,https://bsky.app/profile/goodsuniteus.bsky.social/post/3lqzurma7dc2a,3lqzurma7dc2a
bluesky,https://bsky.app/profile/goodsuniteus.bsky.social/post/3lqx3swudys2i,3lqx3swudys2i
bluesky,https://bsky.app/profile/goodsuniteus.bsky.social/post/3lqse5o25ac2v,3lqse5o25ac2v
bluesky,https://bsky.app/profile/goodsuniteus.bsky.social/post/3lqse4vgg7c2v,3lqse4vgg7c2v
bluesky,https://bsky.app/profile/goodsuniteus.bsky.social/post/3lqnlsdyk7s2d,3lqnlsdyk7s2d
bluesky,https://bsky.app/profile/goodsuniteus.bsky.social/post/3lq3hxrvfdk27,3lq3hxrvfdk27
bluesky,https://bsky.app/profile/goodsuniteus.bsky.social/post/3lpf7wqv76k2k,3lpf7wqv76k2k
bluesky,https://bsky.app/profile/goodsuniteus.bsky.social/post/3logp34kxhc2f,3logp34kxhc2f
bluesky,https://bsky.app/profile/goodsuniteus.bsky.social/post/3lnjhbnevy22z,3lnjhbnevy22z
bluesky,https://bsky.app/profile/goodsuniteus.bsky.social/post/3lndjqguk3k25,3lndjqguk3k25
bluesky,https://bsky.app/profile/goodsuniteus.bsky.social/post/3lmfvctydus2s,3lmfvctydus2s
