category,destination_region,revenue,gross_profit,avg_margin
apparel,Midwest,237108.91,62848.12,0.1128
apparel,Northeast,360140.24,90117.87,0.0486
apparel,Southeast,330053.22,81703.98,0.0089
apparel,Southwest,275654.15,66998.93,-0.1286
apparel,West,315654.64,81953.3,0.0212
electronics,Midwest,322374.3,62392.35,-0.3555
electronics,Northeast,554216.5,138081.08,0.0351
electronics,Southeast,308064.0,65208.55,-0.1457
electronics,Southwest,326200.17,67338.32,-0.2095
electronics,West,400992.02,91751.52,-0.0237
grocery,Midwest,97683.72,11845.16,-0.4997
grocery,Northeast,115620.63,10679.13,-0.904
grocery,Southeast,99849.24,1716.62,-0.8738
grocery,Southwest,104429.29,14395.87,-0.9732
grocery,West,90379.0,8463.98,-0.7769
home,Midwest,206104.55,45025.86,0.0935
home,Northeast,355441.39,107422.35,0.2044
home,Southeast,277734.31,82831.16,0.207
home,Southwest,304206.18,84492.03,0.1568
home,West,225873.71,63733.25,0.1787
industrial,Midwest,306473.87,49111.78,-0.0559
industrial,Northeast,415758.35,68283.36,-0.2928
industrial,Southeast,333625.3,68941.97,-0.1759
industrial,Southwest,308647.16,52250.54,-0.4558
industrial,West,286594.79,48428.12,-0.0234
