date_key,full_date,year,quarter,month,week,day_of_month,is_weekend
20250101,2025-01-01,2025,1,1,1,1,False
20250102,2025-01-02,2025,1,1,1,2,False
20250103,2025-01-03,2025,1,1,1,3,False
20250104,2025-01-04,2025,1,1,1,4,True
20250105,2025-01-05,2025,1,1,1,5,True
20250106,2025-01-06,2025,1,1,2,6,False
20250107,2025-01-07,2025,1,1,2,7,False
20250108,2025-01-08,2025,1,1,2,8,False
20250109,2025-01-09,2025,1,1,2,9,False
20250110,2025-01-10,2025,1,1,2,10,False
20250111,2025-01-11,2025,1,1,2,11,True
20250112,2025-01-12,2025,1,1,2,12,True
20250113,2025-01-13,2025,1,1,3,13,False
20250114,2025-01-14,2025,1,1,3,14,False
20250115,2025-01-15,2025,1,1,3,15,False
20250116,2025-01-16,2025,1,1,3,16,False
20250117,2025-01-17,2025,1,1,3,17,False
20250118,2025-01-18,2025,1,1,3,18,True
20250119,2025-01-19,2025,1,1,3,19,True
20250120,2025-01-20,2025,1,1,4,20,False
20250121,2025-01-21,2025,1,1,4,21,False
20250122,2025-01-22,2025,1,1,4,22,False
20250123,2025-01-23,2025,1,1,4,23,False
20250124,2025-01-24,2025,1,1,4,24,False
20250125,2025-01-25,2025,1,1,4,25,True
20250126,2025-01-26,2025,1,1,4,26,True
20250127,2025-01-27,2025,1,1,5,27,False
20250128,2025-01-28,2025,1,1,5,28,False
20250129,2025-01-29,2025,1,1,5,29,False
20250130,2025-01-30,2025,1,1,5,30,False
20250131,2025-01-31,2025,1,1,5,31,False
20250201,2025-02-01,2025,1,2,5,1,True
20250202,2025-02-02,2025,1,2,5,2,True
20250203,2025-02-03,2025,1,2,6,3,False
20250204,2025-02-04,2025,1,2,6,4,False
20250205,2025-02-05,2025,1,2,6,5,False
20250206,2025-02-06,2025,1,2,6,6,False
20250207,2025-02-07,2025,1,2,6,7,False
20250208,2025-02-08,2025,1,2,6,8,True
20250209,2025-02-09,2025,1,2,6,9,True
20250210,2025-02-10,2025,1,2,7,10,False
20250211,2025-02-11,2025,1,2,7,11,False
20250212,2025-02-12,2025,1,2,7,12,False
20250213,2025-02-13,2025,1,2,7,13,False
20250214,2025-02-14,2025,1,2,7,14,False
20250215,2025-02-15,2025,1,2,7,15,True
20250216,2025-02-16,2025,1,2,7,16,True
20250217,2025-02-17,2025,1,2,8,17,False
20250218,2025-02-18,2025,1,2,8,18,False
20250219,2025-02-19,2025,1,2,8,19,False
20250220,2025-02-20,2025,1,2,8,20,False
20250221,2025-02-21,2025,1,2,8,21,False
20250222,2025-02-22,2025,1,2,8,22,True
20250223,2025-02-23,2025,1,2,8,23,True
20250224,2025-02-24,2025,1,2,9,24,False
20250225,2025-02-25,2025,1,2,9,25,False
20250226,2025-02-26,2025,1,2,9,26,False
20250227,2025-02-27,2025,1,2,9,27,False
20250228,2025-02-28,2025,1,2,9,28,False
20250301,2025-03-01,2025,1,3,9,1,True
20250302,2025-03-02,2025,1,3,9,2,True
20250303,2025-03-03,2025,1,3,10,3,False
20250304,2025-03-04,2025,1,3,10,4,False
20250305,2025-03-05,2025,1,3,10,5,False
20250306,2025-03-06,2025,1,3,10,6,False
20250307,2025-03-07,2025,1,3,10,7,False
20250308,2025-03-08,2025,1,3,10,8,True
20250309,2025-03-09,2025,1,3,10,9,True
20250310,2025-03-10,2025,1,3,11,10,False
20250311,2025-03-11,2025,1,3,11,11,False
20250312,2025-03-12,2025,1,3,11,12,False
20250313,2025-03-13,2025,1,3,11,13,False
20250314,2025-03-14,2025,1,3,11,14,False
20250315,2025-03-15,2025,1,3,11,15,True
20250316,2025-03-16,2025,1,3,11,16,True
20250317,2025-03-17,2025,1,3,12,17,False
20250318,2025-03-18,2025,1,3,12,18,False
20250319,2025-03-19,2025,1,3,12,19,False
20250320,2025-03-20,2025,1,3,12,20,False
20250321,2025-03-21,2025,1,3,12,21,False
20250322,2025-03-22,2025,1,3,12,22,True
20250323,2025-03-23,2025,1,3,12,23,True
20250324,2025-03-24,2025,1,3,13,24,False
20250325,2025-03-25,2025,1,3,13,25,False
20250326,2025-03-26,2025,1,3,13,26,False
20250327,2025-03-27,2025,1,3,13,27,False
20250328,2025-03-28,2025,1,3,13,28,False
20250329,2025-03-29,2025,1,3,13,29,True
20250330,2025-03-30,2025,1,3,13,30,True
20250331,2025-03-31,2025,1,3,14,31,False
20250401,2025-04-01,2025,2,4,14,1,False
20250402,2025-04-02,2025,2,4,14,2,False
20250403,2025-04-03,2025,2,4,14,3,False
20250404,2025-04-04,2025,2,4,14,4,False
20250405,2025-04-05,2025,2,4,14,5,True
20250406,2025-04-06,2025,2,4,14,6,True
20250407,2025-04-07,2025,2,4,15,7,False
20250408,2025-04-08,2025,2,4,15,8,False
20250409,2025-04-09,2025,2,4,15,9,False
