customer_id,customer_segment,region_key,priority_score
CUS0001,wholesale,2,2
CUS0002,mid_market,2,3
CUS0003,enterprise,5,5
CUS0004,mid_market,5,2
CUS0005,enterprise,2,1
CUS0006,mid_market,2,1
CUS0007,retail,2,5
CUS0008,mid_market,1,4
CUS0009,mid_market,5,2
CUS0010,wholesale,3,4
CUS0011,wholesale,3,1
CUS0012,enterprise,4,3
CUS0013,wholesale,4,4
CUS0014,enterprise,2,1
CUS0015,wholesale,1,1
CUS0016,mid_market,3,2
CUS0017,wholesale,3,4
CUS0018,mid_market,1,4
CUS0019,mid_market,2,4
CUS0020,enterprise,2,5
CUS0021,enterprise,2,2
CUS0022,mid_market,4,4
CUS0023,wholesale,3,4
CUS0024,enterprise,3,4
CUS0025,enterprise,4,3
CUS0026,wholesale,1,4
CUS0027,wholesale,3,2
CUS0028,retail,3,1
CUS0029,enterprise,1,1
CUS0030,enterprise,5,4
CUS0031,mid_market,2,5
CUS0032,enterprise,3,1
CUS0033,enterprise,3,4
CUS0034,enterprise,5,2
CUS0035,enterprise,5,1
CUS0036,wholesale,5,5
CUS0037,retail,1,2
CUS0038,retail,3,3
CUS0039,wholesale,3,3
CUS0040,wholesale,1,1
CUS0041,enterprise,4,5
CUS0042,enterprise,2,5
CUS0043,mid_market,5,3
CUS0044,mid_market,1,1
CUS0045,mid_market,1,3
CUS0046,mid_market,4,5
CUS0047,retail,5,5
CUS0048,enterprise,5,3
CUS0049,enterprise,3,3
CUS0050,enterprise,2,5
CUS0051,mid_market,1,3
CUS0052,mid_market,1,2
CUS0053,retail,5,4
CUS0054,retail,2,1
CUS0055,wholesale,1,1
CUS0056,enterprise,1,2
CUS0057,retail,3,4
CUS0058,wholesale,5,1
CUS0059,enterprise,2,2
CUS0060,enterprise,1,5
CUS0061,mid_market,4,2
CUS0062,enterprise,1,3
CUS0063,enterprise,1,2
CUS0064,mid_market,2,3
CUS0065,wholesale,5,2
CUS0066,mid_market,3,2
CUS0067,wholesale,2,2
CUS0068,retail,4,2
CUS0069,retail,3,1
CUS0070,wholesale,2,4
CUS0071,mid_market,3,4
CUS0072,retail,1,2
CUS0073,mid_market,2,2
CUS0074,wholesale,1,3
CUS0075,enterprise,1,3
CUS0076,wholesale,5,3
CUS0077,enterprise,2,3
CUS0078,mid_market,5,3
CUS0079,enterprise,2,5
CUS0080,wholesale,1,3
CUS0081,wholesale,5,5
CUS0082,enterprise,4,5
CUS0083,mid_market,1,1
CUS0084,wholesale,2,5
CUS0085,mid_market,1,4
CUS0086,enterprise,1,5
CUS0087,retail,2,3
CUS0088,retail,4,3
CUS0089,wholesale,1,5
CUS0090,mid_market,3,4
CUS0091,wholesale,3,5
CUS0092,retail,4,5
CUS0093,enterprise,1,3
CUS0094,mid_market,4,5
CUS0095,retail,4,4
CUS0096,wholesale,3,5
CUS0097,wholesale,3,1
CUS0098,retail,5,5
CUS0099,retail,2,2
CUS0100,retail,3,2
CUS0101,mid_market,2,1
CUS0102,mid_market,4,5
CUS0103,enterprise,4,4
CUS0104,mid_market,4,4
CUS0105,wholesale,3,2
CUS0106,enterprise,2,4
CUS0107,mid_market,3,5
CUS0108,wholesale,2,5
CUS0109,mid_market,2,4
CUS0110,mid_market,4,5
CUS0111,retail,4,5
CUS0112,wholesale,5,4
CUS0113,mid_market,4,4
CUS0114,retail,3,3
CUS0115,wholesale,3,3
CUS0116,wholesale,2,3
CUS0117,mid_market,1,3
CUS0118,retail,5,1
CUS0119,mid_market,3,2
CUS0120,wholesale,3,2
CUS0121,enterprise,4,4
CUS0122,retail,5,4
CUS0123,wholesale,2,2
CUS0124,wholesale,4,5
CUS0125,enterprise,5,4
CUS0126,wholesale,2,3
CUS0127,retail,4,4
CUS0128,mid_market,4,2
CUS0129,retail,4,4
CUS0130,enterprise,4,3
CUS0131,wholesale,3,4
CUS0132,mid_market,5,5
CUS0133,enterprise,4,5
CUS0134,enterprise,2,4
CUS0135,mid_market,4,2
CUS0136,enterprise,1,4
CUS0137,retail,3,4
CUS0138,retail,1,4
CUS0139,retail,4,3
CUS0140,enterprise,4,1
CUS0141,enterprise,1,2
CUS0142,enterprise,2,1
CUS0143,mid_market,3,1
CUS0144,mid_market,3,2
CUS0145,wholesale,2,5
CUS0146,mid_market,4,3
CUS0147,retail,3,5
CUS0148,enterprise,3,3
CUS0149,enterprise,5,1
CUS0150,retail,5,4
CUS0151,wholesale,3,1
CUS0152,mid_market,2,3
CUS0153,enterprise,5,1
CUS0154,retail,5,4
CUS0155,retail,2,5
CUS0156,retail,2,4
CUS0157,wholesale,2,4
CUS0158,retail,4,2
CUS0159,wholesale,3,5
CUS0160,retail,5,5
CUS0161,wholesale,4,4
CUS0162,retail,1,2
CUS0163,enterprise,1,4
CUS0164,mid_market,4,5
CUS0165,wholesale,1,1
CUS0166,wholesale,1,2
CUS0167,wholesale,3,3
CUS0168,retail,1,3
CUS0169,retail,5,1
CUS0170,mid_market,2,2
CUS0171,wholesale,4,5
CUS0172,mid_market,4,4
CUS0173,wholesale,2,1
CUS0174,retail,3,4
CUS0175,mid_market,1,5
CUS0176,retail,4,5
CUS0177,retail,4,5
CUS0178,retail,1,4
CUS0179,retail,1,3
CUS0180,mid_market,2,2
CUS0181,retail,2,5
CUS0182,mid_market,3,2
CUS0183,wholesale,1,5
CUS0184,retail,2,2
CUS0185,retail,3,3
CUS0186,mid_market,1,1
CUS0187,mid_market,1,1
CUS0188,enterprise,5,3
CUS0189,mid_market,4,1
CUS0190,enterprise,5,3
CUS0191,wholesale,4,4
CUS0192,retail,3,1
CUS0193,retail,4,1
CUS0194,enterprise,4,4
CUS0195,enterprise,5,1
CUS0196,mid_market,3,5
CUS0197,retail,2,2
CUS0198,enterprise,5,4
CUS0199,mid_market,5,4
CUS0200,wholesale,4,3
CUS0201,wholesale,1,5
CUS0202,enterprise,5,1
CUS0203,mid_market,3,3
CUS0204,enterprise,3,2
CUS0205,mid_market,5,1
CUS0206,mid_market,2,4
CUS0207,wholesale,5,4
CUS0208,retail,2,2
CUS0209,retail,1,4
CUS0210,enterprise,3,3
CUS0211,mid_market,4,1
CUS0212,mid_market,3,3
CUS0213,mid_market,2,1
CUS0214,mid_market,1,5
CUS0215,retail,4,1
CUS0216,wholesale,1,4
CUS0217,retail,5,5
CUS0218,wholesale,4,1
CUS0219,enterprise,4,3
CUS0220,retail,2,1
CUS0221,mid_market,5,5
CUS0222,enterprise,1,5
CUS0223,enterprise,3,4
CUS0224,wholesale,1,2
CUS0225,wholesale,4,1
CUS0226,wholesale,1,4
CUS0227,retail,1,1
CUS0228,mid_market,1,4
CUS0229,wholesale,1,4
CUS0230,enterprise,4,1
CUS0231,retail,1,3
CUS0232,enterprise,4,5
CUS0233,enterprise,5,4
CUS0234,wholesale,2,2
CUS0235,retail,5,4
CUS0236,wholesale,2,2
CUS0237,retail,5,2
CUS0238,retail,4,4
CUS0239,enterprise,2,5
CUS0240,mid_market,3,3
CUS0241,enterprise,5,4
CUS0242,enterprise,3,1
CUS0243,wholesale,2,2
CUS0244,wholesale,1,5
CUS0245,retail,4,4
CUS0246,wholesale,3,4
CUS0247,mid_market,4,2
CUS0248,mid_market,2,3
CUS0249,wholesale,1,5
CUS0250,retail,2,3
