customer_id,customer_segment,region,priority_score
CUS0001,wholesale,Northeast,2
CUS0002,mid_market,Northeast,3
CUS0003,enterprise,West,5
CUS0004,mid_market,West,2
CUS0005,enterprise,Northeast,1
CUS0006,mid_market,Northeast,1
CUS0007,retail,Northeast,5
CUS0008,mid_market,Midwest,4
CUS0009,mid_market,West,2
CUS0010,wholesale,Southeast,4
CUS0011,wholesale,Southeast,1
CUS0012,enterprise,Southwest,3
CUS0013,wholesale,Southwest,4
CUS0014,enterprise,Northeast,1
CUS0015,wholesale,Midwest,1
CUS0016,mid_market,Southeast,2
CUS0017,wholesale,Southeast,4
CUS0018,mid_market,Midwest,4
CUS0019,mid_market,Northeast,4
CUS0020,enterprise,Northeast,5
CUS0021,enterprise,Northeast,2
CUS0022,mid_market,Southwest,4
CUS0023,wholesale,Southeast,4
CUS0024,enterprise,Southeast,4
CUS0025,enterprise,Southwest,3
CUS0026,wholesale,Midwest,4
CUS0027,wholesale,Southeast,2
CUS0028,retail,Southeast,1
CUS0029,enterprise,Midwest,1
CUS0030,enterprise,West,4
CUS0031,mid_market,Northeast,5
CUS0032,enterprise,Southeast,1
CUS0033,enterprise,Southeast,4
CUS0034,enterprise,West,2
CUS0035,enterprise,West,1
CUS0036,wholesale,West,5
CUS0037,retail,Midwest,2
CUS0038,retail,Southeast,3
CUS0039,wholesale,Southeast,3
CUS0040,wholesale,Midwest,1
CUS0041,enterprise,Southwest,5
CUS0042,enterprise,Northeast,5
CUS0043,mid_market,West,3
CUS0044,mid_market,Midwest,1
CUS0045,mid_market,Midwest,3
CUS0046,mid_market,Southwest,5
CUS0047,retail,West,5
CUS0048,enterprise,West,3
CUS0049,enterprise,Southeast,3
CUS0050,enterprise,Northeast,5
CUS0051,mid_market,Midwest,3
CUS0052,mid_market,Midwest,2
CUS0053,retail,West,4
CUS0054,retail,Northeast,1
CUS0055,wholesale,Midwest,1
CUS0056,enterprise,Midwest,2
CUS0057,retail,Southeast,4
CUS0058,wholesale,West,1
CUS0059,enterprise,Northeast,2
CUS0060,enterprise,Midwest,5
CUS0061,mid_market,Southwest,2
CUS0062,enterprise,Midwest,3
CUS0063,enterprise,Midwest,2
CUS0064,mid_market,Northeast,3
CUS0065,wholesale,West,2
CUS0066,mid_market,Southeast,2
CUS0067,wholesale,Northeast,2
CUS0068,retail,Southwest,2
CUS0069,retail,Southeast,1
CUS0070,wholesale,Northeast,4
CUS0071,mid_market,Southeast,4
CUS0072,retail,Midwest,2
CUS0073,mid_market,Northeast,2
CUS0074,wholesale,Midwest,3
CUS0075,enterprise,Midwest,3
CUS0076,wholesale,West,3
CUS0077,enterprise,Northeast,3
CUS0078,mid_market,West,3
CUS0079,enterprise,Northeast,5
CUS0080,wholesale,Midwest,3
CUS0081,wholesale,West,5
CUS0082,enterprise,Southwest,5
CUS0083,mid_market,Midwest,1
CUS0084,wholesale,Northeast,5
CUS0085,mid_market,Midwest,4
CUS0086,enterprise,Midwest,5
CUS0087,retail,Northeast,3
CUS0088,retail,Southwest,3
CUS0089,wholesale,Midwest,5
CUS0090,mid_market,Southeast,4
CUS0091,wholesale,Southeast,5
CUS0092,retail,Southwest,5
CUS0093,enterprise,Midwest,3
CUS0094,mid_market,Southwest,5
CUS0095,retail,Southwest,4
CUS0096,wholesale,Southeast,5
CUS0097,wholesale,Southeast,1
CUS0098,retail,West,5
CUS0099,retail,Northeast,2
CUS0100,retail,Southeast,2
CUS0101,mid_market,Northeast,1
CUS0102,mid_market,Southwest,5
CUS0103,enterprise,Southwest,4
CUS0104,mid_market,Southwest,4
CUS0105,wholesale,Southeast,2
CUS0106,enterprise,Northeast,4
CUS0107,mid_market,Southeast,5
CUS0108,wholesale,Northeast,5
CUS0109,mid_market,Northeast,4
CUS0110,mid_market,Southwest,5
CUS0111,retail,Southwest,5
CUS0112,wholesale,West,4
CUS0113,mid_market,Southwest,4
CUS0114,retail,Southeast,3
CUS0115,wholesale,Southeast,3
CUS0116,wholesale,Northeast,3
CUS0117,mid_market,Midwest,3
CUS0118,retail,West,1
CUS0119,mid_market,Southeast,2
CUS0120,wholesale,Southeast,2
CUS0121,enterprise,Southwest,4
CUS0122,retail,West,4
CUS0123,wholesale,Northeast,2
CUS0124,wholesale,Southwest,5
CUS0125,enterprise,West,4
CUS0126,wholesale,Northeast,3
CUS0127,retail,Southwest,4
CUS0128,mid_market,Southwest,2
CUS0129,retail,Southwest,4
CUS0130,enterprise,Southwest,3
CUS0131,wholesale,Southeast,4
CUS0132,mid_market,West,5
CUS0133,enterprise,Southwest,5
CUS0134,enterprise,Northeast,4
CUS0135,mid_market,Southwest,2
CUS0136,enterprise,Midwest,4
CUS0137,retail,Southeast,4
CUS0138,retail,Midwest,4
CUS0139,retail,Southwest,3
CUS0140,enterprise,Southwest,1
CUS0141,enterprise,Midwest,2
CUS0142,enterprise,Northeast,1
CUS0143,mid_market,Southeast,1
CUS0144,mid_market,Southeast,2
CUS0145,wholesale,Northeast,5
CUS0146,mid_market,Southwest,3
CUS0147,retail,Southeast,5
CUS0148,enterprise,Southeast,3
CUS0149,enterprise,West,1
CUS0150,retail,West,4
CUS0151,wholesale,Southeast,1
CUS0152,mid_market,Northeast,3
CUS0153,enterprise,West,1
CUS0154,retail,West,4
CUS0155,retail,Northeast,5
CUS0156,retail,Northeast,4
CUS0157,wholesale,Northeast,4
CUS0158,retail,Southwest,2
CUS0159,wholesale,Southeast,5
CUS0160,retail,West,5
CUS0161,wholesale,Southwest,4
CUS0162,retail,Midwest,2
CUS0163,enterprise,Midwest,4
CUS0164,mid_market,Southwest,5
CUS0165,wholesale,Midwest,1
CUS0166,wholesale,Midwest,2
CUS0167,wholesale,Southeast,3
CUS0168,retail,Midwest,3
CUS0169,retail,West,1
CUS0170,mid_market,Northeast,2
CUS0171,wholesale,Southwest,5
CUS0172,mid_market,Southwest,4
CUS0173,wholesale,Northeast,1
CUS0174,retail,Southeast,4
CUS0175,mid_market,Midwest,5
CUS0176,retail,Southwest,5
CUS0177,retail,Southwest,5
CUS0178,retail,Midwest,4
CUS0179,retail,Midwest,3
CUS0180,mid_market,Northeast,2
CUS0181,retail,Northeast,5
CUS0182,mid_market,Southeast,2
CUS0183,wholesale,Midwest,5
CUS0184,retail,Northeast,2
CUS0185,retail,Southeast,3
CUS0186,mid_market,Midwest,1
CUS0187,mid_market,Midwest,1
CUS0188,enterprise,West,3
CUS0189,mid_market,Southwest,1
CUS0190,enterprise,West,3
CUS0191,wholesale,Southwest,4
CUS0192,retail,Southeast,1
CUS0193,retail,Southwest,1
CUS0194,enterprise,Southwest,4
CUS0195,enterprise,West,1
CUS0196,mid_market,Southeast,5
CUS0197,retail,Northeast,2
CUS0198,enterprise,West,4
CUS0199,mid_market,West,4
CUS0200,wholesale,Southwest,3
CUS0201,wholesale,Midwest,5
CUS0202,enterprise,West,1
CUS0203,mid_market,Southeast,3
CUS0204,enterprise,Southeast,2
CUS0205,mid_market,West,1
CUS0206,mid_market,Northeast,4
CUS0207,wholesale,West,4
CUS0208,retail,Northeast,2
CUS0209,retail,Midwest,4
CUS0210,enterprise,Southeast,3
CUS0211,mid_market,Southwest,1
CUS0212,mid_market,Southeast,3
CUS0213,mid_market,Northeast,1
CUS0214,mid_market,Midwest,5
CUS0215,retail,Southwest,1
CUS0216,wholesale,Midwest,4
CUS0217,retail,West,5
CUS0218,wholesale,Southwest,1
CUS0219,enterprise,Southwest,3
CUS0220,retail,Northeast,1
CUS0221,mid_market,West,5
CUS0222,enterprise,Midwest,5
CUS0223,enterprise,Southeast,4
CUS0224,wholesale,Midwest,2
CUS0225,wholesale,Southwest,1
CUS0226,wholesale,Midwest,4
CUS0227,retail,Midwest,1
CUS0228,mid_market,Midwest,4
CUS0229,wholesale,Midwest,4
CUS0230,enterprise,Southwest,1
CUS0231,retail,Midwest,3
CUS0232,enterprise,Southwest,5
CUS0233,enterprise,West,4
CUS0234,wholesale,Northeast,2
CUS0235,retail,West,4
CUS0236,wholesale,Northeast,2
CUS0237,retail,West,2
CUS0238,retail,Southwest,4
CUS0239,enterprise,Northeast,5
CUS0240,mid_market,Southeast,3
CUS0241,enterprise,West,4
CUS0242,enterprise,Southeast,1
CUS0243,wholesale,Northeast,2
CUS0244,wholesale,Midwest,5
CUS0245,retail,Southwest,4
CUS0246,wholesale,Southeast,4
CUS0247,mid_market,Southwest,2
CUS0248,mid_market,Northeast,3
CUS0249,wholesale,Midwest,5
CUS0250,retail,Northeast,3
